publishedAt,publishedDate,postId,title,description,viewCount,likeCount,repostCount,commentCount,actualComments
1763468403,"2025-11-18T12:20:03.000Z",2305,"–ï—Å–ª–∏ —Å–æ—Ç—Ä—É–¥–Ω–∏–∫ —Å–ª—É—á–∞–π–Ω–æ —É–¥–∞–ª–∏–ª –±–∞–∑—É –¥–∞–Ω–Ω—ã—Ö –≤ —Ä–∞–±–æ—á–µ–π —Å—Ä–µ–¥–µ, —Å–µ—Ä–≤–µ—Ä–Ω—É—é –∑–∞—Ç–æ–ø–∏–ª–æ –∏–ª–∏ –≤–∞—à—É —Å–∏—Å—Ç–µ–º—É –∞—Ç–∞–∫–æ–≤–∞–ª –≤–∏—Ä—É—Å-—à–∏—Ñ—Ä–æ–≤–∞–ª—å—â–∏–∫ ‚Äî —ç—Ç–æ –º–æ–∂–µ—Ç –ø—Ä–∏–≤–µ—Å—Ç–∏ –∫ –Ω–µ–ø...","–ï—Å–ª–∏ —Å–æ—Ç—Ä—É–¥–Ω–∏–∫ —Å–ª—É—á–∞–π–Ω–æ —É–¥–∞–ª–∏–ª –±–∞–∑—É –¥–∞–Ω–Ω—ã—Ö –≤ —Ä–∞–±–æ—á–µ–π —Å—Ä–µ–¥–µ, —Å–µ—Ä–≤–µ—Ä–Ω—É—é –∑–∞—Ç–æ–ø–∏–ª–æ –∏–ª–∏ –≤–∞—à—É —Å–∏—Å—Ç–µ–º—É –∞—Ç–∞–∫–æ–≤–∞–ª –≤–∏—Ä—É—Å-—à–∏—Ñ—Ä–æ–≤–∞–ª—å—â–∏–∫ ‚Äî —ç—Ç–æ –º–æ–∂–µ—Ç –ø—Ä–∏–≤–µ—Å—Ç–∏ –∫ –Ω–µ–ø–æ–ø—Ä–∞–≤–∏–º–æ–π –ø–æ—Ç–µ—Ä–µ –¥–∞–Ω–Ω—ã—Ö. –ê –≤—Å–µ—Ö –ø–æ—Å—Ç—Ä–∞–¥–∞–≤—à–∏—Ö ‚Äî –∫ –º",40210,6,1,0,0
1761559071,"2025-10-27T09:57:51.000Z",2304,"–ü—Ä–æ–∏–∑–≤–æ–¥–∏—Ç–µ–ª—å —ç–∫–æ–ª–æ–≥–∏—á–Ω—ã—Ö —Å—Ä–µ–¥—Å—Ç–≤ SYNERGETIC –ø–µ—Ä–µ–≤—ë–ª —á–∞—Å—Ç—å –º–∞—Ä–∫–µ—Ç–∏–Ω–≥–æ–≤—ã—Ö –ø—Ä–æ—Ü–µ—Å—Å–æ–≤ –≤ MWS Tables ‚Äî —Å–µ—Ä–≤–∏—Å –¥–ª—è —Ä–∞–±–æ—Ç—ã –∫–æ–º–∞–Ω–¥ –Ω–∞ –æ—Å–Ω–æ–≤–µ —Ç–∞–±–ª–∏—Ü. ","–ü—Ä–æ–∏–∑–≤–æ–¥–∏—Ç–µ–ª—å —ç–∫–æ–ª–æ–≥–∏—á–Ω—ã—Ö —Å—Ä–µ–¥—Å—Ç–≤ SYNERGETIC –ø–µ—Ä–µ–≤—ë–ª —á–∞—Å—Ç—å –º–∞—Ä–∫–µ—Ç–∏–Ω–≥–æ–≤—ã—Ö –ø—Ä–æ—Ü–µ—Å—Å–æ–≤ –≤ MWS Tables ‚Äî —Å–µ—Ä–≤–∏—Å –¥–ª—è —Ä–∞–±–æ—Ç—ã –∫–æ–º–∞–Ω–¥ –Ω–∞ –æ—Å–Ω–æ–≤–µ —Ç–∞–±–ª–∏—Ü.    –¢–µ–ø–µ—Ä—å –≤ –µ–¥–∏–Ω–æ–º –ø—Ä–æ—Å—Ç—Ä–∞–Ω—Å—Ç–≤–µ –≤–µ–¥—É—Ç—Å—è:    ‚Äî –±—é–¥–∂–µ—Ç—ã;  ‚Äî –º",41197,5,3,0,0
1761558863,"2025-10-27T09:54:23.000Z",2303,"–ú—ã –æ—Ç–ø—Ä–∞–≤–ª—è–µ–º—Å—è –≤ –∫–æ—Å–º–∏—á–µ—Å–∫–æ–µ –ø—É—Ç–µ—à–µ—Å—Ç–≤–∏–µ –ø–æ –º–∏—Ä—É –¥–∞–Ω–Ω—ã—Ö!","–ú—ã –æ—Ç–ø—Ä–∞–≤–ª—è–µ–º—Å—è –≤ –∫–æ—Å–º–∏—á–µ—Å–∫–æ–µ –ø—É—Ç–µ—à–µ—Å—Ç–≤–∏–µ –ø–æ –º–∏—Ä—É –¥–∞–Ω–Ω—ã—Ö!   –í 12 –≤—ã–ø—É—Å–∫–µ –æ–±—Å—É–∂–¥–∞–µ–º –¥–∞–Ω–Ω—ã–µ –≤ HR-–∞–Ω–∞–ª–∏—Ç–∏–∫–µ: ¬´–∑–µ–º–Ω—ã–µ¬ª –∏ ¬´–∫–æ—Å–º–∏—á–µ—Å–∫–∏–µ¬ª. –ß—Ç–æ —ç—Ç–æ —Ç–∞–∫–æ–µ –∏ –ø–æ—á–µ–º—É –Ω–µ–∫–æ—Ç–æ—Ä—ã–µ –∫–æ–º–ø–∞–Ω–∏–∏ —É–º–µ—é—Ç –ø—Ä–µ–¥—Å–∫–∞–∑—ã–≤–∞—Ç—å —ç—Ñ—Ñ–µ–∫—Ç",39385,5,0,0,0
1761558715,"2025-10-27T09:51:55.000Z",2302,"MWS Container Platform –≤ —Ä–µ–π—Ç–∏–Ω–≥–µ –ª—É—á—à–∏—Ö –ø–ª–∞—Ç—Ñ–æ—Ä–º Kubernetes –¥–ª—è –∫—Ä—É–ø–Ω–æ–≥–æ –±–∏–∑–Ω–µ—Å–∞ –ø–æ –≤–µ—Ä—Å–∏–∏ CNewsMarket.","MWS Container Platform –≤ —Ä–µ–π—Ç–∏–Ω–≥–µ –ª—É—á—à–∏—Ö –ø–ª–∞—Ç—Ñ–æ—Ä–º Kubernetes –¥–ª—è –∫—Ä—É–ø–Ω–æ–≥–æ –±–∏–∑–Ω–µ—Å–∞ –ø–æ –≤–µ—Ä—Å–∏–∏ CNewsMarket.   –°–µ–≥–æ–¥–Ω—è Kubernetes —Å—Ç–∞–ª —Å—Ç–∞–Ω–¥–∞—Ä—Ç–æ–º –≤ —É–ø—Ä–∞–≤–ª–µ–Ω–∏–∏ –ò–¢‚Äë–∏–Ω—Ñ—Ä–∞—Å—Ç—Ä—É–∫—Ç—É—Ä–æ–π –∫—Ä—É–ø–Ω—ã—Ö –∫–æ–º–ø–∞–Ω–∏–π. –û–Ω –ø–æ–º–æ–≥",40884,5,0,0,0
1760430504,"2025-10-14T08:28:24.000Z",2298,"–ü—Ä–æ–∫—Ä–∞—Å—Ç–∏–Ω–∏—Ä–æ–≤–∞–ª–∏? –ü–µ—Ä–µ–Ω–µ—Å–ª–∏ –¥–µ–¥–ª–∞–π–Ω? –ö—É–ø–∏–ª–∏ –∫—É—Ä—Å, –∫–æ—Ç–æ—Ä—ã–π –Ω–∏–∫–∞–∫ –Ω–µ –ø—Ä–æ–π–¥—ë—Ç–µ? ","–ü—Ä–æ–∫—Ä–∞—Å—Ç–∏–Ω–∏—Ä–æ–≤–∞–ª–∏? –ü–µ—Ä–µ–Ω–µ—Å–ª–∏ –¥–µ–¥–ª–∞–π–Ω? –ö—É–ø–∏–ª–∏ –∫—É—Ä—Å, –∫–æ—Ç–æ—Ä—ã–π –Ω–∏–∫–∞–∫ –Ω–µ –ø—Ä–æ–π–¥—ë—Ç–µ?    –ì–ª–∞–≤–Ω—ã–π —Å–µ–∫—Ä–µ—Ç –ª–∏—á–Ω–æ–π –ø—Ä–æ–¥—É–∫—Ç–∏–≤–Ω–æ—Å—Ç–∏ ‚Äî –Ω–µ –∂–µ–ª–µ–∑–Ω–∞—è –≤–æ–ª—è, –∞ —Å–∏—Å—Ç–µ–º–∞. –ò–Ω–æ–≥–¥–∞ —á—Ç–æ–±—ã –ø—Ä–æ–∫–∞—á–∞—Ç—å –∫–∞–∫–æ–π-—Ç–æ —Å–∫–∏–ª–ª, –¥–æ—Å—Ç–∞—Ç–æ—á–Ω–æ –ø",18614,8,3,0,0
1759919911,"2025-10-08T10:38:31.000Z",2295,"–ü—Ä–æ–¥–æ–ª–∂–∞–µ–º –≤–µ—â–∞–Ω–∏–µ —Å –§–∏–Ω–æ–ø–æ–ª–∏—Å–∞ ","–ü—Ä–æ–¥–æ–ª–∂–∞–µ–º –≤–µ—â–∞–Ω–∏–µ —Å –§–∏–Ω–æ–ø–æ–ª–∏—Å–∞    –ù–µ–¥–∞–≤–Ω–æ –Ω–∞ —Ñ–æ—Ä—É–º–µ –∑–∞–≤–µ—Ä—à–∏–ª–∞—Å—å —Å–µ—Å—Å–∏—è –ë–∞–Ω–∫–∞ –í–¢–ë ¬´–°–≤–µ—Ç –º–æ–π –∑–µ—Ä–∫–∞–ª—å—Ü–µ, —Å–∫–∞–∂–∏‚Ä¶ –ì–¥–µ –±–µ—Ä—É—Ç –Ω–∞—á–∞–ª–æ —Ü–∏—Ñ—Ä–æ–≤—ã–µ –ø–æ–º–æ—â–Ω–∏–∫–∏?¬ª.    –í —Ä–∞–º–∫–∞—Ö –¥–∏—Å–∫—É—Å—Å–∏–∏ –î–µ–Ω–∏—Å –§–∏–ª–∏–ø–ø–æ–≤, CEO MWS AI, –ø",451,3,1,0,0
1759919501,"2025-10-08T10:31:41.000Z",2294,"–°–µ–≥–æ–¥–Ω—è –≤ –°–∏—Ä–∏—É—Å–µ —Å—Ç–∞—Ä—Ç—É–µ—Ç –§–∏–Ω–æ–ø–æ–ª–∏—Å ‚Äî –∫—Ä—É–ø–Ω–µ–π—à–∏–π —Ñ–∏–Ω—Ç–µ—Ö —Ñ–æ—Ä—É–º –†–æ—Å—Å–∏–∏. –õ—É—á—à–∏–µ —ç–∫—Å–ø–µ—Ä—Ç—ã —Å–æ –≤—Å–µ–π —Å—Ç—Ä–∞–Ω—ã —Å–æ–±–∏—Ä–∞—é—Ç—Å—è –Ω–∞ –Ω–µ–º, —á—Ç–æ–±—ã –¥–µ–ª–∞—Ç—å –±—É–¥—É—â–µ–µ —Ä–µ–∞–ª—å–Ω–æ—Å...","–°–µ–≥–æ–¥–Ω—è –≤ –°–∏—Ä–∏—É—Å–µ —Å—Ç–∞—Ä—Ç—É–µ—Ç –§–∏–Ω–æ–ø–æ–ª–∏—Å ‚Äî –∫—Ä—É–ø–Ω–µ–π—à–∏–π —Ñ–∏–Ω—Ç–µ—Ö —Ñ–æ—Ä—É–º –†–æ—Å—Å–∏–∏. –õ—É—á—à–∏–µ —ç–∫—Å–ø–µ—Ä—Ç—ã —Å–æ –≤—Å–µ–π —Å—Ç—Ä–∞–Ω—ã —Å–æ–±–∏—Ä–∞—é—Ç—Å—è –Ω–∞ –Ω–µ–º, —á—Ç–æ–±—ã –¥–µ–ª–∞—Ç—å –±—É–¥—É—â–µ–µ —Ä–µ–∞–ª—å–Ω–æ—Å—Ç—å—é. –≠–∫—Å–ø–µ—Ä—Ç—ã MWS ‚Äî –Ω–µ –∏—Å–∫–ª—é—á–µ–Ω–∏–µ!    –ü—Ä–∏—Ö–æ–¥–∏—Ç–µ –Ω–∞",507,3,0,0,0
1759759051,"2025-10-06T13:57:31.000Z",2293,"MWS Cloud Platform –ø—Ä–æ—à–ª–∞ –∞—Ç—Ç–µ—Å—Ç–∞—Ü–∏—é –ø–æ 152-–§–ó ","MWS Cloud Platform –ø—Ä–æ—à–ª–∞ –∞—Ç—Ç–µ—Å—Ç–∞—Ü–∏—é –ø–æ 152-–§–ó    MWS Cloud Platform –ø–æ–ª—É—á–∏–ª–∞ –∞—Ç—Ç–µ—Å—Ç–∞—Ç —Å–æ–æ—Ç–≤–µ—Ç—Å—Ç–≤–∏—è —Ç—Ä–µ–±–æ–≤–∞–Ω–∏—è–º –ø–æ –∑–∞—â–∏—Ç–µ –∏–Ω—Ñ–æ—Ä–º–∞—Ü–∏–∏ ([#alias|mws.ru/uploads/At...|https://mws.ru/uploads/Attestat_MWS_C",43705,9,1,0,0
1759758122,"2025-10-06T13:42:02.000Z",2292,"–ü–æ–ª—É—á–∏—Ç—å –∏–Ω–≤–µ—Å—Ç–∏—Ü–∏–∏ –¥–æ $2 –º–ª–Ω –Ω–∞ —Ä–∞–∑–≤–∏—Ç–∏–µ —Å–≤–æ–µ–≥–æ –ø—Ä–æ–µ–∫—Ç–∞? –° –∞–∫—Å–µ–ª–µ—Ä–∞—Ç–æ—Ä–æ–º MWS ‚Äî —Ä–µ–∞–ª—å–Ω–æ!","–ü–æ–ª—É—á–∏—Ç—å –∏–Ω–≤–µ—Å—Ç–∏—Ü–∏–∏ –¥–æ $2 –º–ª–Ω –Ω–∞ —Ä–∞–∑–≤–∏—Ç–∏–µ —Å–≤–æ–µ–≥–æ –ø—Ä–æ–µ–∫—Ç–∞? –° –∞–∫—Å–µ–ª–µ—Ä–∞—Ç–æ—Ä–æ–º MWS ‚Äî —Ä–µ–∞–ª—å–Ω–æ!   –ú—ã –∑–∞–ø—É—Å—Ç–∏–ª–∏ –ø—Ä–æ–≥—Ä–∞–º–º—É –ø–æ–¥–¥–µ—Ä–∂–∫–∏ —Å—Ç–∞—Ä—Ç–∞–ø–æ–≤ –≤ –æ–±–ª–∞—Å—Ç–∏ –ò–ò –∏ –∫–æ—Ä–ø–æ—Ä–∞—Ç–∏–≤–Ω—ã—Ö SaaS –Ω–∞ 12 –Ω–µ–¥–µ–ª—å.  –ü–æ–ª—É—á–∏—Ç–µ –¥–æ—Å—Ç—É–ø –∫",30910,5,2,0,0
1759419092,"2025-10-02T15:31:32.000Z",2291,"–û–∫—Ç—è–±—Ä—å –æ–±–µ—â–∞–µ—Ç –±—ã—Ç—å –Ω–∞—Å—ã—â–µ–Ω–Ω—ã–º ","–û–∫—Ç—è–±—Ä—å –æ–±–µ—â–∞–µ—Ç –±—ã—Ç—å –Ω–∞—Å—ã—â–µ–Ω–Ω—ã–º    –ë—Ä–æ–Ω–∏—Ä—É–π—Ç–µ –≤—Ä–µ–º—è —É —Å–µ–±—è –≤ –∫–∞–ª–µ–Ω–¥–∞—Ä–µ –∏ —Ä–µ–≥–∏—Å—Ç—Ä–∏—Ä—É–π—Ç–µ—Å—å –Ω–∞ –º–µ—Ä–æ–ø—Ä–∏—è—Ç–∏—è –æ—Ç MWS.     –û–Ω–ª–∞–π–Ω-–¥–∏—Å–∫—É—Å—Å–∏—è ¬´7 –Ω–µ—É–¥–æ–±–Ω—ã—Ö –≤–æ–ø—Ä–æ—Å–æ–≤ –æ–±–ª–∞—á–Ω—ã–º 1–°¬ª    –ù–∞ –≤–µ–±–∏–Ω–∞—Ä–µ —Ä–∞—Å—Å–∫–∞–∂–µ–º –æ–± –æ–±–ª–∞",335,3,1,0,0
1758709996,"2025-09-24T10:33:16.000Z",2290,"–£ –Ω–∞—Å –ø—Ä–æ—à–µ–ª –≤–µ–±–∏–Ω–∞—Ä ¬´–ö–∞–∫ —Å–æ–∑–¥–∞—Ç—å AI-–∞–≥–µ–Ω—Ç–∞ –±–µ–∑ –∫–æ–¥–∞¬ª, –≥–¥–µ —ç–∫—Å–ø–µ—Ä—Ç—ã —Å—Ä–∞–≤–Ω–∏–ª–∏ –ø—Ä–µ–∏–º—É—â–µ—Å—Ç–≤–∞ –∏ –Ω–µ–¥–æ—Å—Ç–∞—Ç–∫–∏ —Å–æ–∑–¥–∞–Ω–∏—è AI-–∞–≥–µ–Ω—Ç–æ–≤ —Å –∫–æ–¥–æ–º –∏ –±–µ–∑, —Ä–∞—Å—Å–∫–∞–∑–∞–ª–∏ –∫...","–£ –Ω–∞—Å –ø—Ä–æ—à–µ–ª –≤–µ–±–∏–Ω–∞—Ä ¬´–ö–∞–∫ —Å–æ–∑–¥–∞—Ç—å AI-–∞–≥–µ–Ω—Ç–∞ –±–µ–∑ –∫–æ–¥–∞¬ª, –≥–¥–µ —ç–∫—Å–ø–µ—Ä—Ç—ã —Å—Ä–∞–≤–Ω–∏–ª–∏ –ø—Ä–µ–∏–º—É—â–µ—Å—Ç–≤–∞ –∏ –Ω–µ–¥–æ—Å—Ç–∞—Ç–∫–∏ —Å–æ–∑–¥–∞–Ω–∏—è AI-–∞–≥–µ–Ω—Ç–æ–≤ —Å –∫–æ–¥–æ–º –∏ –±–µ–∑, —Ä–∞—Å—Å–∫–∞–∑–∞–ª–∏ –∫–∞–∫ —Å–¥–µ–ª–∞—Ç—å —Å–≤–æ–µ–≥–æ –∞–≥–µ–Ω—Ç–∞ —Å –ø–æ–º–æ—â—å—é –ø–ª–∞—Ç—Ñ–æ—Ä–º—ã MWS G",87195,7,2,0,0
1758641193,"2025-09-23T15:26:33.000Z",2289,"–û–ø—É–±–ª–∏–∫–æ–≤–∞–Ω –µ–∂–µ–≥–æ–¥–Ω—ã–π —Ä–µ–π—Ç–∏–Ω–≥ ¬´–¢–û–ü-1000 —Ä–æ—Å—Å–∏–π—Å–∫–∏—Ö –º–µ–Ω–µ–¥–∂–µ—Ä–æ–≤¬ª ‚Äî —ç–∫—Å–ø–µ—Ä—Ç—ã MWS –≤—Ç–æ—Ä–æ–π –≥–æ–¥ –ø–æ–¥—Ä—è–¥ –≤—Ö–æ–¥—è—Ç –≤ —Å–ø–∏—Å–æ–∫ –ª—É—á—à–∏—Ö. ","–û–ø—É–±–ª–∏–∫–æ–≤–∞–Ω –µ–∂–µ–≥–æ–¥–Ω—ã–π —Ä–µ–π—Ç–∏–Ω–≥ ¬´–¢–û–ü-1000 —Ä–æ—Å—Å–∏–π—Å–∫–∏—Ö –º–µ–Ω–µ–¥–∂–µ—Ä–æ–≤¬ª ‚Äî —ç–∫—Å–ø–µ—Ä—Ç—ã MWS –≤—Ç–æ—Ä–æ–π –≥–æ–¥ –ø–æ–¥—Ä—è–¥ –≤—Ö–æ–¥—è—Ç –≤ —Å–ø–∏—Å–æ–∫ –ª—É—á—à–∏—Ö.    –†–µ–π—Ç–∏–Ω–≥ –ø–æ–¥–≤–æ–¥–∏—Ç –∏—Ç–æ–≥–∏ —Ä–∞–±–æ—Ç—ã –∑–∞ –≥–æ–¥ –∏ –≤—ã—è–≤–ª—è–µ—Ç –ª—É—á—à–∏—Ö —É–ø—Ä–∞–≤–ª–µ–Ω—Ü–µ–≤ –≤ –Ω–∞–∏–±–æ–ª–µ–µ",433,2,0,0,0
1758641009,"2025-09-23T15:23:29.000Z",2288,"Ô∏è–ù–∞ –æ—á–µ—Ä–µ–¥–∏ –Ω–æ–≤—ã–π –≤—ã–ø—É—Å–∫ –ø–æ–¥–∫–∞—Å—Ç–∞ Pro –î–∞–Ω–Ω—ã–µ! ","Ô∏è–ù–∞ –æ—á–µ—Ä–µ–¥–∏ –Ω–æ–≤—ã–π –≤—ã–ø—É—Å–∫ –ø–æ–¥–∫–∞—Å—Ç–∞ Pro –î–∞–Ω–Ω—ã–µ!    –í –Ω–µ–º —ç–∫—Å–ø–µ—Ä—Ç—ã MWS –∏ CEO MyDataHub –î–º–∏—Ç—Ä–∏–π –Ø–∫—É–Ω–∏–Ω –æ–±—Å—É–∂–¥–∞—é—Ç –ø–æ—á–µ–º—É –ø–æ—Ä–æ–≥ –≤—Ö–æ–¥–∞ –≤ –ò–ò —Å–Ω–∏–∂–∞–µ—Ç—Å—è –∏ –∫–∞–∫ –Ω–∞ —ç—Ç–æ –≤–ª–∏—è–µ—Ç –∏–Ω—Ç–µ—Ä–µ—Å —Å—Ä–µ–¥–Ω–µ–≥–æ –∏ –º–∞–ª–æ–≥–æ –±–∏–∑–Ω–µ—Å–∞. –ê ",86978,5,0,0,0
1758103813,"2025-09-17T10:10:13.000Z",2285,"MWS Container Platform –≤—ã–≥–æ–¥–Ω–µ–µ –Ω–∞ 25%","MWS Container Platform –≤—ã–≥–æ–¥–Ω–µ–µ –Ω–∞ 25%   –õ—ë–≥–∫–∏–π –¥–æ—Å—Ç—É–ø –∫ –ø–ª–∞—Ç—Ñ–æ—Ä–º–µ –¥–ª—è —É–ø—Ä–∞–≤–ª–µ–Ω–∏—è –ø—Ä–∏–ª–æ–∂–µ–Ω–∏—è–º–∏ –∏ –∏–Ω—Ñ—Ä–∞—Å—Ç—Ä—É–∫—Ç—É—Ä–æ–π –Ω–∞ –±–∞–∑–µ Kubernetes.  –í—Å—ë –¥–ª—è Dev –∏ Ops –≤ –æ–¥–Ω–æ–º –ø—Ä–æ–¥—É–∫—Ç–µ.    –ö–æ–Ω—Ç–µ–π–Ω–µ—Ä–Ω–∞—è –ø–ª–∞—Ç—Ñ–æ—Ä–º–∞ MWS ",26374,5,0,0,0
1757686083,"2025-09-12T14:08:03.000Z",2284,"AI-–∞–≥–µ–Ω—Ç—ã —É–∂–µ —Å–ø–æ—Å–æ–±–Ω—ã –æ–±—Ä–∞–±–∞—Ç—ã–≤–∞—Ç—å –∑–∞—è–≤–∫–∏, —Å–æ–±–∏—Ä–∞—Ç—å –æ—Ç—á—ë—Ç—ã –∏ –¥–µ–ª–∞—Ç—å –¥—Ä—É–≥–∏–µ –∑–∞–¥–∞—á–∏ –±–µ–∑ —É—á–∞—Å—Ç–∏—è —á–µ–ª–æ–≤–µ–∫–∞. –ù–æ –º–Ω–æ–≥–∏–µ –∫–æ–º–ø–∞–Ω–∏–∏ –Ω–µ —Ä–µ—à–∞—é—Ç—Å—è –∏—Ö –≤–Ω–µ–¥—Ä—è—Ç—å ‚Äî ...","AI-–∞–≥–µ–Ω—Ç—ã —É–∂–µ —Å–ø–æ—Å–æ–±–Ω—ã –æ–±—Ä–∞–±–∞—Ç—ã–≤–∞—Ç—å –∑–∞—è–≤–∫–∏, —Å–æ–±–∏—Ä–∞—Ç—å –æ—Ç—á—ë—Ç—ã –∏ –¥–µ–ª–∞—Ç—å –¥—Ä—É–≥–∏–µ –∑–∞–¥–∞—á–∏ –±–µ–∑ —É—á–∞—Å—Ç–∏—è —á–µ–ª–æ–≤–µ–∫–∞. –ù–æ –º–Ω–æ–≥–∏–µ –∫–æ–º–ø–∞–Ω–∏–∏ –Ω–µ —Ä–µ—à–∞—é—Ç—Å—è –∏—Ö –≤–Ω–µ–¥—Ä—è—Ç—å ‚Äî –æ–ø–∞—Å–∞—é—Ç—Å—è, —á—Ç–æ –Ω—É–∂–Ω–æ —Å–∞–º–∏–º –∑–∞–∫—É–ø–∞—Ç—å —Å–µ—Ä–≤–µ—Ä—ã –∏ –Ω–∞–Ω–∏",25972,4,0,0,0
1757597982,"2025-09-11T13:39:42.000Z",2281,"16‚Äì17 —Å–µ–Ω—Ç—è–±—Ä—è –≤ –°–∞–Ω–∫—Ç-–ü–µ—Ç–µ—Ä–±—É—Ä–≥–µ –≤—ã—Å—Ç—É–ø–∏–º –ø–∞—Ä—Ç–Ω—ë—Ä–∞–º–∏ –Ω–∞ –∫–æ–Ω—Ñ–µ—Ä–µ–Ω—Ü–∏–∏ DevOops. –ù–∞ —Å—Ç–µ–Ω–¥–µ –±—É–¥–µ–º –¥–µ–ª–∏—Ç—å—Å—è —ç–∫—Å–ø–µ—Ä—Ç–∏–∑–æ–π –∏ –¥–∞–≤–∞—Ç—å –¥–æ—Å—Ç—É–ø –∫ –ø—Ä–µ–≤—å—é –ø–ª–∞—Ç—Ñ–æ—Ä–º—ã ...","16‚Äì17 —Å–µ–Ω—Ç—è–±—Ä—è –≤ –°–∞–Ω–∫—Ç-–ü–µ—Ç–µ—Ä–±—É—Ä–≥–µ –≤—ã—Å—Ç—É–ø–∏–º –ø–∞—Ä—Ç–Ω—ë—Ä–∞–º–∏ –Ω–∞ –∫–æ–Ω—Ñ–µ—Ä–µ–Ω—Ü–∏–∏ DevOops. –ù–∞ —Å—Ç–µ–Ω–¥–µ –±—É–¥–µ–º –¥–µ–ª–∏—Ç—å—Å—è —ç–∫—Å–ø–µ—Ä—Ç–∏–∑–æ–π –∏ –¥–∞–≤–∞—Ç—å –¥–æ—Å—Ç—É–ø –∫ –ø—Ä–µ–≤—å—é –ø–ª–∞—Ç—Ñ–æ—Ä–º—ã MWS Cloud Platform.   –ü—Ä–æ —Ñ–∞–Ω–æ–≤—ã–µ –∞–∫—Ç–∏–≤–Ω–æ—Å—Ç–∏ —Ç–æ–∂–µ ",329,4,1,0,0
1757496263,"2025-09-10T09:24:23.000Z",2279,"–ú—ã –∑–∞–ø—É—Å—Ç–∏–ª–∏ –ø–∞—Ä—Ç–Ω–µ—Ä—Å–∫—É—é –ø—Ä–æ–≥—Ä–∞–º–º—É –æ—Ç MWS ","–ú—ã –∑–∞–ø—É—Å—Ç–∏–ª–∏ –ø–∞—Ä—Ç–Ω–µ—Ä—Å–∫—É—é –ø—Ä–æ–≥—Ä–∞–º–º—É –æ—Ç MWS    –ü—Ä–æ–¥–≤–∏–≥–∞–π—Ç–µ –ø–µ—Ä–µ–¥–æ–≤—ã–µ —Å–µ—Ä–≤–∏—Å—ã MWS. –†–∞–±–æ—Ç–∞–π—Ç–µ –∫–∞–∫ —Ä–∞–∑—Ä–∞–±–æ—Ç—á–∏–∫, –∏–Ω—Ç–µ–≥—Ä–∞—Ç–æ—Ä –∏–ª–∏ –∞–≥–µ–Ω—Ç –∏ –∑–∞—Ä–∞–±–∞—Ç—ã–≤–∞–π—Ç–µ –Ω–∞ —Ä–µ–∞–ª–∏–∑–∞—Ü–∏–∏ —Ç–µ—Ö–Ω–æ–ª–æ–≥–∏—á–Ω—ã—Ö —Ä–µ—à–µ–Ω–∏–π: –æ—Ç –ø–ª–∞—Ç—Ñ–æ—Ä–º—ã GPT –¥–æ",25749,6,3,0,0
1757496073,"2025-09-10T09:21:13.000Z",2278,"–°–µ–≥–æ–¥–Ω—è –ø—Ä–æ—à–µ–ª –≤–µ–±–∏–Ω–∞—Ä, –≥–¥–µ –º—ã —Ä–∞—Å—Å–∫–∞–∑–∞–ª–∏, –∫–∞–∫ –≥—Ä–∞–º–æ—Ç–Ω–æ –ø—Ä–æ–≤–µ—Å—Ç–∏ –º–∏–≥—Ä–∞—Ü–∏—é –Ω–∞ —Ä–æ—Å—Å–∏–π—Å–∫–∏–µ —Ä–µ—à–µ–Ω–∏—è –∏ –ø–æ–≤—ã—Å–∏—Ç—å —ç—Ñ—Ñ–µ–∫—Ç–∏–≤–Ω–æ—Å—Ç—å —Ü–∏—Ñ—Ä–æ–≤—ã—Ö –∫–æ–º–º—É–Ω–∏–∫–∞—Ü–∏–π –≤ –∫–æ–º–ø–∞...","–°–µ–≥–æ–¥–Ω—è –ø—Ä–æ—à–µ–ª –≤–µ–±–∏–Ω–∞—Ä, –≥–¥–µ –º—ã —Ä–∞—Å—Å–∫–∞–∑–∞–ª–∏, –∫–∞–∫ –≥—Ä–∞–º–æ—Ç–Ω–æ –ø—Ä–æ–≤–µ—Å—Ç–∏ –º–∏–≥—Ä–∞—Ü–∏—é –Ω–∞ —Ä–æ—Å—Å–∏–π—Å–∫–∏–µ —Ä–µ—à–µ–Ω–∏—è –∏ –ø–æ–≤—ã—Å–∏—Ç—å —ç—Ñ—Ñ–µ–∫—Ç–∏–≤–Ω–æ—Å—Ç—å —Ü–∏—Ñ—Ä–æ–≤—ã—Ö –∫–æ–º–º—É–Ω–∏–∫–∞—Ü–∏–π –≤ –∫–æ–º–ø–∞–Ω–∏–∏.    –°–ø–∏–∫–µ—Ä—ã:  –†–æ–º–∞–Ω –û–≤—á–∏–Ω–Ω–∏–∫–æ–≤, Product Owner,",56779,2,0,1,1
1755528020,"2025-08-18T14:40:20.000Z",2276,"–í–∏—Ä—Ç—É–∞–ª—å–Ω—ã–µ –¥–µ—Å–∫—Ç–æ–ø—ã –≤ –æ–±–ª–∞–∫–µ: –∫–∞–∫ —Å –Ω–∏–º–∏ —Ä–∞–±–æ—Ç–∞—Ç—å? ","–í–∏—Ä—Ç—É–∞–ª—å–Ω—ã–µ –¥–µ—Å–∫—Ç–æ–ø—ã –≤ –æ–±–ª–∞–∫–µ: –∫–∞–∫ —Å –Ω–∏–º–∏ —Ä–∞–±–æ—Ç–∞—Ç—å?    –£ –Ω–∞—Å —Å—Ç–∞—Ä—Ç—É–µ—Ç —Å–µ—Ä–∏—è –ø—Ä–∞–∫—Ç–∏—á–µ—Å–∫–∏—Ö –≤–µ–±–∏–Ω–∞—Ä–æ–≤, –≥–¥–µ –Ω–∞—à–∏ —ç–∫—Å–ø–µ—Ä—Ç—ã –ø–æ–º–æ–≥—É—Ç —Ä–∞–∑–æ–±—Ä–∞—Ç—å—Å—è —Å —Ç–µ—Ö–Ω–∏—á–µ—Å–∫–∏–º–∏ —ç—Ç–∞–ø–∞–º–∏ –≤–Ω–µ–¥—Ä–µ–Ω–∏—è –æ–±–ª–∞—á–Ω—ã—Ö —Å–µ—Ä–≤–∏—Å–æ–≤ —Å –Ω—É–ª—è.    ",499,3,1,0,0
1754663488,"2025-08-08T14:31:28.000Z",2267,"AI-–∞–≤—Ç–æ–º–∞—Ç–∏–∑–∞—Ü–∏—è: –∫–∞–∫ –ø–æ—Å—Ç—Ä–æ–∏—Ç—å –∫–æ–º–∞–Ω–¥—É —Å –Ω—É–ª—è –∏ –ø–µ—Ä–µ—Å—Ç–∞—Ç—å –ø–µ—Ä–µ–∫–ª–∞–¥—ã–≤–∞—Ç—å –∑–∞–¥–∞—á–∏ —Ä—É–∫–∞–º–∏? ","AI-–∞–≤—Ç–æ–º–∞—Ç–∏–∑–∞—Ü–∏—è: –∫–∞–∫ –ø–æ—Å—Ç—Ä–æ–∏—Ç—å –∫–æ–º–∞–Ω–¥—É —Å –Ω—É–ª—è –∏ –ø–µ—Ä–µ—Å—Ç–∞—Ç—å –ø–µ—Ä–µ–∫–ª–∞–¥—ã–≤–∞—Ç—å –∑–∞–¥–∞—á–∏ —Ä—É–∫–∞–º–∏?    –í –Ω–æ–≤–æ–º –≤—ã–ø—É—Å–∫–µ –ø–æ–¥–∫–∞—Å—Ç–∞ ¬´–†–∞—Å—Å–∫–∞–∂–∏—Ç–µ –ø—Ä–æ MWS¬ª —Å –Ω–∞–º–∏ –±–µ—Å–µ–¥—É–µ—Ç –ù–∏–∫–∏—Ç–∞ –ö–∞–∑–∞—Ä—è–Ω, —Ä—É–∫–æ–≤–æ–¥–∏—Ç–µ–ª—å –Ω–∞–ø—Ä–∞–≤–ª–µ–Ω–∏—è AI-–∞–≤—Ç",52440,11,2,0,0
1754663400,"2025-08-08T14:30:00.000Z",2266,"–ó–∞–ø—É—Å–∫–∞–µ–º –Ω–æ–≤—ã–π –ø—Ä–æ–¥—É–∫—Ç ‚Äî –û–±–ª–∞–∫–æ 1–° MWS –Ω–∞ –±–∞–∑–µ VMcloud Platform ","–ó–∞–ø—É—Å–∫–∞–µ–º –Ω–æ–≤—ã–π –ø—Ä–æ–¥—É–∫—Ç ‚Äî –û–±–ª–∞–∫–æ 1–° MWS –Ω–∞ –±–∞–∑–µ VMcloud Platform    –û—Ä–≥–∞–Ω–∏–∑–æ–≤–∞—Ç—å —É–¥–∞–ª—ë–Ω–Ω—É—é —Ä–∞–±–æ—Ç—É —Å–æ—Ç—Ä—É–¥–Ω–∏–∫–æ–≤, —Å–æ–∑–¥–∞—Ç—å —Ä–∞—Å–ø—Ä–µ–¥–µ–ª–µ–Ω–Ω—É—é –∏–Ω—Ñ—Ä–∞—Å—Ç—Ä—É–∫—Ç—É—Ä—É, –µ—â–µ –∏ –ø—Ä–∏ –ø–æ–¥–¥–µ—Ä–∂–∫–µ —Å–µ—Ä—Ç–∏—Ñ–∏—Ü–∏—Ä–æ–≤–∞–Ω–Ω—ã—Ö –∏–Ω–∂–µ–Ω–µ—Ä–æ–≤?  ",20829,6,0,0,0
1754663280,"2025-08-08T14:28:00.000Z",2265,"Neoflex —Ö –ú–¢–° Web Services ","Neoflex —Ö –ú–¢–° Web Services    –ú—ã –æ–±—ä–µ–¥–∏–Ω–∏–ª–∏—Å—å —Å Neoflex, —á—Ç–æ–±—ã —É–ª—É—á—à–∏—Ç—å –∞–≤—Ç–æ–º–∞—Ç–∏–∑–∞—Ü–∏—é –±–∏–∑–Ω–µ—Å-–ø—Ä–æ—Ü–µ—Å—Å–æ–≤ –∏ –ø–æ–≤—ã—Å–∏—Ç—å —ç—Ñ—Ñ–µ–∫—Ç–∏–≤–Ω–æ—Å—Ç—å —Ä–∞–±–æ—Ç—ã –∫–æ–º–ø–∞–Ω–∏–π –≤ —Ä–∞–∑–ª–∏—á–Ω—ã—Ö –æ—Ç—Ä–∞—Å–ª—è—Ö. –¢–µ–ø–µ—Ä—å –∏—Å–ø–æ–ª—å–∑–æ–≤–∞—Ç—å –ø–ª–∞—Ç—Ñ–æ—Ä–º—É MWS ",20447,4,0,0,0
1754663149,"2025-08-08T14:25:49.000Z",2264,"–ß—Ç–æ —Ç–∞–∫–æ–µ MWS Data? –ö–∞–∫ –º—ã —Å–æ–∑–¥–∞–≤–∞–ª–∏ –ø–ª–∞—Ç—Ñ–æ—Ä–º—É –¥–ª—è —Ä–∞–±–æ—Ç—ã —Å –¥–∞–Ω–Ω—ã–º–∏ ","–ß—Ç–æ —Ç–∞–∫–æ–µ MWS Data? –ö–∞–∫ –º—ã —Å–æ–∑–¥–∞–≤–∞–ª–∏ –ø–ª–∞—Ç—Ñ–æ—Ä–º—É –¥–ª—è —Ä–∞–±–æ—Ç—ã —Å –¥–∞–Ω–Ω—ã–º–∏    13 –∞–≤–≥—É—Å—Ç–∞ –≤ 11:00 –º—ã –ø—Ä–æ–≤–µ–¥–µ–º –≤–µ–±–∏–Ω–∞—Ä, –≥–¥–µ —Ä–∞—Å—Å–∫–∞–∂–µ–º:    1) –ö–∞–∫ –º—ã —Å–ø—Ä–æ–µ–∫—Ç–∏—Ä–æ–≤–∞–ª–∏ –ø–ª–∞—Ç—Ñ–æ—Ä–º—É –∏ –ø–æ—á–µ–º—É –ø–æ—à–ª–∏ –¥–∞–ª—å—à–µ Lakehouse 2) –ß",20729,3,0,0,0
1754662954,"2025-08-08T14:22:34.000Z",2263,"–¢–µ–ø–µ—Ä—å –æ–±–ª–∞—á–Ω–∞—è –∏–Ω—Ñ—Ä–∞—Å—Ç—Ä—É–∫—Ç—É—Ä–∞ MWS Cloud –µ—â–µ –º–æ—â–Ω–µ–µ ","–¢–µ–ø–µ—Ä—å –æ–±–ª–∞—á–Ω–∞—è –∏–Ω—Ñ—Ä–∞—Å—Ç—Ä—É–∫—Ç—É—Ä–∞ MWS Cloud –µ—â–µ –º–æ—â–Ω–µ–µ    –ú—ã —É–≤–µ–ª–∏—á–∏–ª–∏ –º–æ—â–Ω–æ—Å—Ç—å –≤–∏—Ä—Ç—É–∞–ª—å–Ω–æ–π –∏–Ω—Ñ—Ä–∞—Å—Ç—Ä—É–∫—Ç—É—Ä—ã –Ω–∞ 30% –≤ –º–æ—Å–∫–æ–≤—Å–∫–∏—Ö –¶–û–î–∞—Ö –∏ –∑–∞–ø—É—Å—Ç–∏–ª–∏ –≤—Ç–æ—Ä—É—é –∑–æ–Ω—É –¥–æ—Å—Ç—É–ø–Ω–æ—Å—Ç–∏ ‚Äî –≤ –ù–æ–≤–æ—Å–∏–±–∏—Ä—Å–∫–µ. –ú–æ—â–Ω–æ—Å—Ç–∏ –æ–±–ª–∞–∫–∞ ",20964,3,0,0,0
1754662725,"2025-08-08T14:18:45.000Z",2262,"–í—ã—à–µ–ª 2 –≤—ã–ø—É—Å–∫ –ø–æ–¥–∫–∞—Å—Ç–∞ –ö–ò–ë–ï–†–ª–∏–∫–ë–ï–ó, –≤ –∫–æ—Ç–æ—Ä–æ–º –º—ã –ø—Ä–æ—Å—Ç—ã–º–∏ —Å–ª–æ–≤–∞–º–∏ –æ–±—Å—É–∂–¥–∞–µ–º —Å–ª–æ–∂–Ω—ã–µ —Ç–µ–º—ã, —Å–≤—è–∑–∞–Ω–Ω—ã–µ —Å –∫–∏–±–µ—Ä–±–µ–∑–æ–ø–∞—Å–Ω–æ—Å—Ç—å—é. ","–í—ã—à–µ–ª 2 –≤—ã–ø—É—Å–∫ –ø–æ–¥–∫–∞—Å—Ç–∞ –ö–ò–ë–ï–†–ª–∏–∫–ë–ï–ó, –≤ –∫–æ—Ç–æ—Ä–æ–º –º—ã –ø—Ä–æ—Å—Ç—ã–º–∏ —Å–ª–æ–≤–∞–º–∏ –æ–±—Å—É–∂–¥–∞–µ–º —Å–ª–æ–∂–Ω—ã–µ —Ç–µ–º—ã, —Å–≤—è–∑–∞–Ω–Ω—ã–µ —Å –∫–∏–±–µ—Ä–±–µ–∑–æ–ø–∞—Å–Ω–æ—Å—Ç—å—é.    –í –Ω–æ–≤–æ–º —ç–ø–∏–∑–æ–¥–µ –≥–æ–≤–æ—Ä–∏–º –ø—Ä–æ –∞—Ä—Ö–∏—Ç–µ–∫—Ç—É—Ä—É –∏–Ω—Ñ–æ—Ä–º–∞—Ü–∏–æ–Ω–Ω–æ–π –±–µ–∑–æ–ø–∞—Å–Ω–æ—Å—Ç–∏: –∫–ª—é—á–µ",52474,6,1,0,0
1754662546,"2025-08-08T14:15:46.000Z",2261,"–ß—Ç–æ –ø–æ–¥ –∫–∞–ø–æ—Ç–æ–º –Ω–æ–≤–æ–π –æ–±–ª–∞—á–Ω–æ–π –ø–ª–∞—Ç—Ñ–æ—Ä–º—ã MWS Cloud Platform? ","–ß—Ç–æ –ø–æ–¥ –∫–∞–ø–æ—Ç–æ–º –Ω–æ–≤–æ–π –æ–±–ª–∞—á–Ω–æ–π –ø–ª–∞—Ç—Ñ–æ—Ä–º—ã MWS Cloud Platform?  –†–∞—Å—Å–∫–∞–∑—ã–≤–∞–µ–º –≤ –Ω–æ–≤—ã—Ö —Å—Ç–∞—Ç—å—è—Ö –Ω–∞ –•–∞–±—Ä–µ:   1) Object Storage ‚Äî –∫–∞–∫ –º—ã –ø—Ä–∏—à–ª–∏ –∫ —Å–≤–æ–µ–º—É —Ä–µ—à–µ–Ω–∏—é –Ω–∞ Golang, PostgreSQL –∏ Kafka.  –ü–∏—à–µ–º —Å –Ω—É–ª—è S",20324,4,0,0,0
1754662192,"2025-08-08T14:09:52.000Z",2260,"–ß—Ç–æ –ø–æ—á–∏—Ç–∞—Ç—å —Å–∏—Å—Ç–µ–º–Ω–æ–º—É –∞–¥–º–∏–Ω–∏—Å—Ç—Ä–∞—Ç–æ—Ä—É ‚Äî –∞–≤—Ç–æ—Ä—ã, –∫–æ—Ç–æ—Ä—ã–µ –ø–∏—à—É—Ç –æ –ø—Ä–æ—Ç–æ–∫–æ–ª–∞—Ö ","–ß—Ç–æ –ø–æ—á–∏—Ç–∞—Ç—å —Å–∏—Å—Ç–µ–º–Ω–æ–º—É –∞–¥–º–∏–Ω–∏—Å—Ç—Ä–∞—Ç–æ—Ä—É ‚Äî –∞–≤—Ç–æ—Ä—ã, –∫–æ—Ç–æ—Ä—ã–µ –ø–∏—à—É—Ç –æ –ø—Ä–æ—Ç–æ–∫–æ–ª–∞—Ö    –ú—ã —É–∂–µ —Ä–∞—Å—Å–∫–∞–∑—ã–≤–∞–ª–∏ –ø—Ä–æ –Ω–∞—à –±–µ—Å–ø–ª–∞—Ç–Ω—ã–π –∫—É—Ä—Å ¬´–ö–∞–∫ —É—Å—Ç—Ä–æ–µ–Ω—ã —Å–µ—Ç–∏¬ª –¥–ª—è –Ω–∞—á–∏–Ω–∞—é—â–∏—Ö —Å–µ—Ç–µ–≤—ã—Ö –∏–Ω–∂–µ–Ω–µ—Ä–æ–≤, –∞–¥–º–∏–Ω–∏—Å—Ç—Ä–∞—Ç–æ—Ä–æ–≤ –∏ –≤—Å–µ—Ö ",20800,4,0,0,0
1753258612,"2025-07-23T08:16:52.000Z",2257,"MWS Data Lakehouse ‚Äì –ø–ª–∞—Ç—Ñ–æ—Ä–º–∞, –∫–æ—Ç–æ—Ä–∞—è –ø–æ–∑–≤–æ–ª—è–µ—Ç —Ä–∞–±–æ—Ç–∞—Ç—å —Å –ª—é–±—ã–º–∏ —Ç–∏–ø–∞–º–∏ –¥–∞–Ω–Ω—ã—Ö ‚Äî —Å—Ç—Ä—É–∫—Ç—É—Ä–∏—Ä–æ–≤–∞–Ω–Ω—ã–º–∏, –Ω–µ—Å—Ç—Ä—É–∫—Ç—É—Ä–∏—Ä–æ–≤–∞–Ω–Ω—ã–º–∏ –∏ –≤–µ–∫—Ç–æ—Ä–Ω—ã–º–∏, –∞ —Ä–∞–∑–¥–µ–ª–µ–Ω–∏...","MWS Data Lakehouse ‚Äì –ø–ª–∞—Ç—Ñ–æ—Ä–º–∞, –∫–æ—Ç–æ—Ä–∞—è –ø–æ–∑–≤–æ–ª—è–µ—Ç —Ä–∞–±–æ—Ç–∞—Ç—å —Å –ª—é–±—ã–º–∏ —Ç–∏–ø–∞–º–∏ –¥–∞–Ω–Ω—ã—Ö ‚Äî —Å—Ç—Ä—É–∫—Ç—É—Ä–∏—Ä–æ–≤–∞–Ω–Ω—ã–º–∏, –Ω–µ—Å—Ç—Ä—É–∫—Ç—É—Ä–∏—Ä–æ–≤–∞–Ω–Ω—ã–º–∏ –∏ –≤–µ–∫—Ç–æ—Ä–Ω—ã–º–∏, –∞ —Ä–∞–∑–¥–µ–ª–µ–Ω–∏–µ —Å–ª–æ–µ–≤ —Ö—Ä–∞–Ω–µ–Ω–∏—è –∏ –≤—ã—á–∏—Å–ª–µ–Ω–∏—è –ø–æ–º–æ–≥–∞–µ—Ç –±–æ–ª–µ–µ —ç—Ñ—Ñ–µ–∫",20124,4,0,0,0
1753089317,"2025-07-21T09:15:17.000Z",2256,"–í—Å—Ç—Ä–µ—á–∞–π—Ç–µ 10-–π —é–±–∏–ª–µ–π–Ω—ã–π –≤—ã–ø—É—Å–∫ –ø–æ–¥–∫–∞—Å—Ç–∞ Pro –î–∞–Ω–Ω—ã–µ! –í–º–µ—Å—Ç–µ —Å —ç–∫—Å–ø–µ—Ä—Ç–∞–º–∏ –∏–∑ Arenadata –∏ DIS Group –æ–±—Å—É–¥–∏–ª–∏ Lakehouse. –ü–æ—á–µ–º—É –∫–æ–º–ø–∞–Ω–∏–∏ —Å–µ–π—á–∞—Å –∞–∫—Ç–∏–≤–Ω–æ ...","–í—Å—Ç—Ä–µ—á–∞–π—Ç–µ 10-–π —é–±–∏–ª–µ–π–Ω—ã–π –≤—ã–ø—É—Å–∫ –ø–æ–¥–∫–∞—Å—Ç–∞ Pro –î–∞–Ω–Ω—ã–µ! –í–º–µ—Å—Ç–µ —Å —ç–∫—Å–ø–µ—Ä—Ç–∞–º–∏ –∏–∑ Arenadata –∏ DIS Group –æ–±—Å—É–¥–∏–ª–∏ Lakehouse. –ü–æ—á–µ–º—É –∫–æ–º–ø–∞–Ω–∏–∏ —Å–µ–π—á–∞—Å –∞–∫—Ç–∏–≤–Ω–æ –ø—Ä–∏—Å–º–∞—Ç—Ä–∏–≤–∞—é—Ç—Å—è –∫ —ç—Ç–æ–π –∞—Ä—Ö–∏—Ç–µ–∫—Ç—É—Ä–µ –∏ –≤—Å–µ–º –ª–∏ —Å—Ç–æ–∏—Ç",56723,5,0,0,0
1752832562,"2025-07-18T09:56:02.000Z",2252,"MWS Tables —Ç–µ–ø–µ—Ä—å –¥–æ—Å—Ç—É–ø–µ–Ω –ø–æ –ø–æ–¥–ø–∏—Å–∫–µ –¥–ª—è b2b-–∫–ª–∏–µ–Ω—Ç–æ–≤ –∏ —á–∞—Å—Ç–Ω—ã—Ö –ø–æ–ª—å–∑–æ–≤–∞—Ç–µ–ª–µ–π","MWS Tables —Ç–µ–ø–µ—Ä—å –¥–æ—Å—Ç—É–ø–µ–Ω –ø–æ –ø–æ–¥–ø–∏—Å–∫–µ –¥–ª—è b2b-–∫–ª–∏–µ–Ω—Ç–æ–≤ –∏ —á–∞—Å—Ç–Ω—ã—Ö –ø–æ–ª—å–∑–æ–≤–∞—Ç–µ–ª–µ–π  MWS Tables ‚Äî —Ä–µ—à–µ–Ω–∏–µ –¥–ª—è –æ—Ä–≥–∞–Ω–∏–∑–∞—Ü–∏–∏ –∫–æ–º–∞–Ω–¥–Ω–æ–π —Ä–∞–±–æ—Ç—ã: —Å –ö–∞–Ω–±–∞–Ω-–¥–æ—Å–∫–∞–º–∏, –¥–∏–∞–≥—Ä–∞–º–º–∞–º–∏ –ì–∞–Ω—Ç–∞, —Ñ–æ—Ä–º–∞–º–∏ –¥–ª—è —Å–±–æ—Ä–∞ –¥–∞–Ω–Ω—ã—Ö –∏ ",30070,5,1,0,0
1752832461,"2025-07-18T09:54:21.000Z",2251,"Artifact Registry –≤—ã—à–µ–ª –≤ Preview","Artifact Registry –≤—ã—à–µ–ª –≤ Preview  Artifact Registry ‚Äî —Å–µ—Ä–≤–∏—Å –¥–ª—è —É–ø—Ä–∞–≤–ª–µ–Ω–∏—è Docker-–æ–±—Ä–∞–∑–∞–º–∏ –∏ –∫–æ–Ω—Ç–µ–π–Ω–µ—Ä–∞–º–∏.   –°–µ—Ä–≤–∏—Å –ø—Ä–µ–¥–æ—Å—Ç–∞–≤–ª—è–µ—Ç:  ‚Ä¢ –ù–µ–æ–≥—Ä–∞–Ω–∏—á–µ–Ω–Ω—ã–π —Ä–∞–∑–º–µ—Ä —Ö—Ä–∞–Ω–∏–ª–∏—â–∞ ‚Ä¢ –ü–æ–Ω—è—Ç–Ω–æ–µ —É–ø—Ä–∞–≤–ª–µ–Ω–∏–µ —á–µ—Ä–µ–∑ –∫–æ–Ω—Å",18309,4,0,0,0
1752832347,"2025-07-18T09:52:27.000Z",2250,"–î–ª—è –±–∏–∑–Ω–µ—Å–∞ –≤–∞–∂–Ω–æ, —á—Ç–æ–±—ã 1–° —Ñ—É–Ω–∫—Ü–∏–æ–Ω–∏—Ä–æ–≤–∞–ª–∞ –±–µ–∑ —Å–±–æ–µ–≤. ","–î–ª—è –±–∏–∑–Ω–µ—Å–∞ –≤–∞–∂–Ω–æ, —á—Ç–æ–±—ã 1–° —Ñ—É–Ω–∫—Ü–∏–æ–Ω–∏—Ä–æ–≤–∞–ª–∞ –±–µ–∑ —Å–±–æ–µ–≤.  –ü–æ–¥–∫–ª—é—á–∏—Ç–µ –∑–∞—â–∏—â—ë–Ω–Ω—É—é –∏–Ω—Ñ—Ä–∞—Å—Ç—Ä—É–∫—Ç—É—Ä—É –¥–ª—è —Ä–∞–∑–º–µ—â–µ–Ω–∏—è 1–°-–ø—Ä–∏–ª–æ–∂–µ–Ω–∏–π —Å–æ —Å–∫–∏–¥–∫–æ–π 20% –∏ –ø–æ–ª—É—á–∏—Ç–µ —Å—Ç–∞–±–∏–ª—å–Ω—É—é, –±–µ–∑–æ–ø–∞—Å–Ω—É—é —Å—Ä–µ–¥—É –¥–ª—è —Ä–∞–±–æ—Ç—ã –±–µ–∑ –ª–∏—à–Ω–∏—Ö —Ä",29219,5,1,0,0
1751976386,"2025-07-08T12:06:26.000Z",2242,"–ó–∞–ø—É—Å—Ç–∏–ª–∏ –ø–µ—Ä–≤—ã–π –≤ –†–æ—Å—Å–∏–∏ AI-–∞–≥–µ–Ω—Ç –¥–ª—è –∞–≤—Ç–æ–º–∞—Ç–∏—á–µ—Å–∫–æ–≥–æ –æ–ø–∏—Å–∞–Ω–∏—è –¥–∞–Ω–Ω—ã—Ö –∫–æ–º–ø–∞–Ω–∏–π ","–ó–∞–ø—É—Å—Ç–∏–ª–∏ –ø–µ—Ä–≤—ã–π –≤ –†–æ—Å—Å–∏–∏ AI-–∞–≥–µ–Ω—Ç –¥–ª—è –∞–≤—Ç–æ–º–∞—Ç–∏—á–µ—Å–∫–æ–≥–æ –æ–ø–∏—Å–∞–Ω–∏—è –¥–∞–Ω–Ω—ã—Ö –∫–æ–º–ø–∞–Ω–∏–π    MWS Data Scout —è–≤–ª—è–µ—Ç—Å—è —á–∞—Å—Ç—å—é –ø–ª–∞—Ç—Ñ–æ—Ä–º—ã MWS Data –∏ –ø—Ä–µ–¥—Å—Ç–∞–≤–ª—è–µ—Ç —Å–æ–±–æ–π AI-–∞–≥–µ–Ω—Ç–∞, –≤ –æ—Å–Ω–æ–≤–µ –∫–æ—Ç–æ—Ä–æ–≥–æ –ª–µ–∂–∏—Ç LLM-–º–æ–¥–µ–ª—å.",40878,5,0,0,0
1751974372,"2025-07-08T11:32:52.000Z",2241,"–ë–∞–∑—ã –¥–∞–Ω–Ω—ã—Ö, —Ö—Ä–∞–Ω–∏–ª–∏—â–∞ –∏ CDN: –∫–∞–∫ –Ω–∞—á–∞—Ç—å —Å green field? ","–ë–∞–∑—ã –¥–∞–Ω–Ω—ã—Ö, —Ö—Ä–∞–Ω–∏–ª–∏—â–∞ –∏ CDN: –∫–∞–∫ –Ω–∞—á–∞—Ç—å —Å green field?    –í –Ω–æ–≤–æ–º –≤—ã–ø—É—Å–∫–µ –ø–æ–¥–∫–∞—Å—Ç–∞ ¬´–†–∞—Å—Å–∫–∞–∂–∏—Ç–µ –ø—Ä–æ MWS¬ª –º—ã –±–µ—Å–µ–¥—É–µ–º —Å –î–º–∏—Ç—Ä–∏–µ–º –ß–µ—Ä—ë–º—É—Ö–∏–Ω—ã–º, —Ä—É–∫–æ–≤–æ–¥–∏—Ç–µ–ª–µ–º –Ω–∞–ø—Ä–∞–≤–ª–µ–Ω–∏—è Data Platform –≤ MWS.    –û–±—Å—É–¥–∏–º, ",83329,8,1,0,0
1751901924,"2025-07-07T15:25:24.000Z",2239,"–ö–∞–∫ —É—Å—Ç—Ä–æ–µ–Ω—ã —Å–∏—Å—Ç–µ–º—ã —Ö—Ä–∞–Ω–µ–Ω–∏—è –¥–∞–Ω–Ω—ã—Ö –≤ MWS Cloud Platform? ","–ö–∞–∫ —É—Å—Ç—Ä–æ–µ–Ω—ã —Å–∏—Å—Ç–µ–º—ã —Ö—Ä–∞–Ω–µ–Ω–∏—è –¥–∞–Ω–Ω—ã—Ö –≤ MWS Cloud Platform?    –£–∑–Ω–∞–π—Ç–µ 16 –∏—é–ª—è –≤ —ç—Ñ–∏—Ä–µ 7-–≥–æ —ç–ø–∏–∑–æ–¥–∞ —Å–µ—Ä–∏–∞–ª–∞ –ø—Ä–æ —Å—Ç—Ä–æ–∏—Ç–µ–ª—å—Å—Ç–≤–æ –ø–ª–∞—Ç—Ñ–æ—Ä–º—ã.    –†—É–∫–æ–≤–æ–¥–∏—Ç–µ–ª—å –Ω–∞–ø—Ä–∞–≤–ª–µ–Ω–∏—è Data Storage Systems –ê–ª–µ–∫—Å–µ–π –ë–∞—Ä–∞–Ω–æ–≤",40020,6,0,0,0
1751468496,"2025-07-02T15:01:36.000Z",2238,"–°–æ–∑–¥–∞—Ç—å –ø—É–±–ª–∏—á–Ω—É—é –æ–±–ª–∞—á–Ω—É—é –ø–ª–∞—Ç—Ñ–æ—Ä–º—É —Å –Ω—É–ª—è ‚Äî —Ç–æ—Ç –µ—â—ë —á–µ–ª–ª–µ–Ω–¥–∂! ","–°–æ–∑–¥–∞—Ç—å –ø—É–±–ª–∏—á–Ω—É—é –æ–±–ª–∞—á–Ω—É—é –ø–ª–∞—Ç—Ñ–æ—Ä–º—É —Å –Ω—É–ª—è ‚Äî —Ç–æ—Ç –µ—â—ë —á–µ–ª–ª–µ–Ω–¥–∂!    –í–º–µ—Å—Ç–µ —Å MWS Cloud Platform –∏ –•–∞–±—Ä–æ–º —Å–¥–µ–ª–∞–ª–∏ —Å–≤–æ—é –≤–µ—Ä—Å–∏—é –ø–æ–ø—É–ª—è—Ä–Ω–æ–≥–æ –ø–ª–∞—Ç—Ñ–æ—Ä–º–µ—Ä–∞ Doodle Jump, –≥–¥–µ –∫–∞–∂–¥—ã–π –º–æ–∂–µ—Ç –ø—Ä–∏–º–µ—Ä–∏—Ç—å –Ω–∞ —Å–µ–±—è —Ä–æ–ª—å",40341,6,0,0,0
1751468287,"2025-07-02T14:58:07.000Z",2237,"–≠—Ñ—Ñ–µ–∫—Ç–∏–≤–Ω–æ–µ —É–ø—Ä–∞–≤–ª–µ–Ω–∏–µ –¥–∞–Ω–Ω—ã–º–∏ —Å–æ –≤—Å—Ç—Ä–æ–µ–Ω–Ω—ã–º –ò–ò-–∞–≥–µ–Ω—Ç–æ–º ","–≠—Ñ—Ñ–µ–∫—Ç–∏–≤–Ω–æ–µ —É–ø—Ä–∞–≤–ª–µ–Ω–∏–µ –¥–∞–Ω–Ω—ã–º–∏ —Å–æ –≤—Å—Ç—Ä–æ–µ–Ω–Ω—ã–º –ò–ò-–∞–≥–µ–Ω—Ç–æ–º    MWS Data ‚Äî –ø–ª–∞—Ç—Ñ–æ—Ä–º–∞, –∫–æ—Ç–æ—Ä–∞—è –æ–±—ä–µ–¥–∏–Ω—è–µ—Ç –∏–Ω—Å—Ç—Ä—É–º–µ–Ω—Ç—ã —Ö—Ä–∞–Ω–µ–Ω–∏—è, –æ–±—Ä–∞–±–æ—Ç–∫–∏, –≤–∏–∑—É–∞–ª–∏–∑–∞—Ü–∏–∏ –∏ –∑–∞—â–∏—Ç—ã –¥–∞–Ω–Ω—ã—Ö –≤ –æ–¥–Ω–æ–º —Å–µ—Ä–≤–∏—Å–µ. –†–µ—à–µ–Ω–∏–µ –ø–æ–∑–≤–æ–ª—è–µ—Ç –æ–¥–Ω",328,4,0,0,0
1751467932,"2025-07-02T14:52:12.000Z",2236,"–ö–æ–≥–¥–∞ –∫–æ–ª–∏—á–µ—Å—Ç–≤–æ –∏–Ω—Å—Ç–∞–ª–ª—è—Ü–∏–π Kubernetes —Ä–∞—Å—Ç—ë—Ç, –∫–æ–º–ø–∞–Ω–∏–∏ —Å—Ç–∞–Ω–æ–≤–∏—Ç—Å—è —Ç—Ä—É–¥–Ω–æ –≤—Ä—É—á–Ω—É—é —É–ø—Ä–∞–≤–ª—è—Ç—å –∏–º–∏ ‚Äî —Ä–µ–≥—É–ª—è—Ä–Ω–æ –æ–±–Ω–æ–≤–ª—è—Ç—å, –Ω–∞—Å—Ç—Ä–∞–∏–≤–∞—Ç—å –ø–æ–ª–∏—Ç–∏–∫–∏ –±–µ–∑–æ–ø–∞—Å–Ω–æ...","–ö–æ–≥–¥–∞ –∫–æ–ª–∏—á–µ—Å—Ç–≤–æ –∏–Ω—Å—Ç–∞–ª–ª—è—Ü–∏–π Kubernetes —Ä–∞—Å—Ç—ë—Ç, –∫–æ–º–ø–∞–Ω–∏–∏ —Å—Ç–∞–Ω–æ–≤–∏—Ç—Å—è —Ç—Ä—É–¥–Ω–æ –≤—Ä—É—á–Ω—É—é —É–ø—Ä–∞–≤–ª—è—Ç—å –∏–º–∏ ‚Äî —Ä–µ–≥—É–ª—è—Ä–Ω–æ –æ–±–Ω–æ–≤–ª—è—Ç—å, –Ω–∞—Å—Ç—Ä–∞–∏–≤–∞—Ç—å –ø–æ–ª–∏—Ç–∏–∫–∏ –±–µ–∑–æ–ø–∞—Å–Ω–æ—Å—Ç–∏, –¥–µ–ª–∞—Ç—å —Ä–µ–∑–µ—Ä–≤–Ω–æ–µ –∫–æ–ø–∏—Ä–æ–≤–∞–Ω–∏–µ.   –ù–æ –∏ —ç—Ç–æ –µ—â—ë ",342,7,0,0,0
1751037561,"2025-06-27T15:19:21.000Z",2235,"MWS Meetup: Data & Solutions ","MWS Meetup: Data & Solutions    3 –∏—é–ª—è –≤ –ú–æ—Å–∫–≤–µ —Å–æ–±–µ—Ä–µ–º—Å—è –Ω–∞ –æ—Ñ–ª–∞–π–Ω-–º–∏—Ç–∞–ø, —á—Ç–æ–±—ã –æ–±—Å—É–¥–∏—Ç—å, –∫–∞–∫–∏–µ —Ç–µ—Ö–Ω–æ–ª–æ–≥–∏–∏ –ø–æ–º–æ–≥–∞—é—Ç –±–∏–∑–Ω–µ—Å—É –ø–æ–ª—É—á–∏—Ç—å –∫–∞—á–µ—Å—Ç–≤–µ–Ω–Ω—ã–µ –¥–∞–Ω–Ω—ã–µ –±–µ–∑ –±–æ–ª—å—à–æ–≥–æ —à—Ç–∞—Ç–∞ –¥–∞—Ç–∞-–∏–Ω–∂–µ–Ω–µ—Ä–æ–≤.    –ù–∞ –º–µ—Ä–æ–ø",401,6,1,0,0
1750947218,"2025-06-26T14:13:38.000Z",2234,"–§–æ—Ä–º—ã –≤ –î–∏—Å–∫–µ MWS ‚Äì —Å–æ–±–∏—Ä–∞–π—Ç–µ –¥–∞–Ω–Ω—ã–µ –ª–µ–≥–∫–æ –∏ –±–µ–∑–æ–ø–∞—Å–Ω–æ","–§–æ—Ä–º—ã –≤ –î–∏—Å–∫–µ MWS ‚Äì —Å–æ–±–∏—Ä–∞–π—Ç–µ –¥–∞–Ω–Ω—ã–µ –ª–µ–≥–∫–æ –∏ –±–µ–∑–æ–ø–∞—Å–Ω–æ  –ú—ã —Ä–∞–¥—ã –ø—Ä–µ–¥—Å—Ç–∞–≤–∏—Ç—å –Ω–æ–≤–æ–µ —Ä–∞—Å—à–∏—Ä–µ–Ω–∏–µ –≤ –î–∏—Å–∫–µ MWS. –¢–µ–ø–µ—Ä—å –≤—ã –º–æ–∂–µ—Ç–µ —Å–æ–∑–¥–∞–≤–∞—Ç—å –æ–ø—Ä–æ—Å—ã, –∞–Ω–∫–µ—Ç—ã, —Ñ–æ—Ä–º—ã —Å–±–æ—Ä–∞ –¥–∞–Ω–Ω—ã—Ö –ø—Ä—è–º–æ –≤–Ω—É—Ç—Ä–∏ –∑–∞—â–∏—â–µ–Ω–Ω–æ–≥–æ –æ–±–ª–∞—á–Ω–æ",367,7,1,0,0
1750865600,"2025-06-25T15:33:20.000Z",2232,"–í—ã—à–µ–ª –Ω–æ–≤—ã–π –≤—ã–ø—É—Å–∫ –ø–æ–¥–∫–∞—Å—Ç–∞ Pro –î–∞–Ω–Ω—ã–µ ‚Äì –≤ –Ω–µ–º –æ–±—Å—É–∂–¥–∞–µ–º MWS GPT, –∞ —Ç–∞–∫–∂–µ –æ—Å–Ω–æ–≤–Ω—ã–µ –∑–∞–±–ª—É–∂–¥–µ–Ω–∏—è, —Å–≤—è–∑–∞–Ω–Ω—ã–µ —Å –≤–Ω–µ–¥—Ä–µ–Ω–∏–µ–º LLM –≤ –±–∏–∑–Ω–µ—Å-–ø—Ä–æ—Ü–µ—Å—Å—ã. ","–í—ã—à–µ–ª –Ω–æ–≤—ã–π –≤—ã–ø—É—Å–∫ –ø–æ–¥–∫–∞—Å—Ç–∞ Pro –î–∞–Ω–Ω—ã–µ ‚Äì –≤ –Ω–µ–º –æ–±—Å—É–∂–¥–∞–µ–º MWS GPT, –∞ —Ç–∞–∫–∂–µ –æ—Å–Ω–æ–≤–Ω—ã–µ –∑–∞–±–ª—É–∂–¥–µ–Ω–∏—è, —Å–≤—è–∑–∞–Ω–Ω—ã–µ —Å –≤–Ω–µ–¥—Ä–µ–Ω–∏–µ–º LLM –≤ –±–∏–∑–Ω–µ—Å-–ø—Ä–æ—Ü–µ—Å—Å—ã.   ‚Äî –ö—Ç–æ –∏ –∫–∞–∫ —Å–æ–∑–¥–∞–µ—Ç –ø–ª–∞—Ç—Ñ–æ—Ä–º—É MWS GPT? ‚Äî –ö–∞–∫ –º–µ–Ω—è–ª–æ—Å—å –æ—Ç",84747,9,2,0,0
1750160210,"2025-06-17T11:36:50.000Z",2231,"–ß—Ç–æ –æ–±—â–µ–≥–æ –º–µ–∂–¥—É —à–∏—Ñ—Ä–∞–º–∏ —Ñ–∞—Ä–∞–æ–Ω–æ–≤, –∫—É—Ä–∏–Ω—ã–º —è–π—Ü–æ–º –∏ –≠–Ω–∏–≥–º–æ–π? ","–ß—Ç–æ –æ–±—â–µ–≥–æ –º–µ–∂–¥—É —à–∏—Ñ—Ä–∞–º–∏ —Ñ–∞—Ä–∞–æ–Ω–æ–≤, –∫—É—Ä–∏–Ω—ã–º —è–π—Ü–æ–º –∏ –≠–Ω–∏–≥–º–æ–π?    –ú—ã –∑–∞–ø—É—Å–∫–∞–µ–º –Ω–æ–≤—ã–π –ø–æ–¥–∫–∞—Å—Ç –æ—Ç MTC Web Services ‚Äî –ö–∏–±–µ—Ä–ª–∏–∫–±–µ–∑! –í –Ω—ë–º –º—ã –ø—Ä–æ—Å—Ç—ã–º–∏ —Å–ª–æ–≤–∞–º–∏ –æ–±—Å—É–∂–¥–∞–µ–º —Å–ª–æ–∂–Ω—ã–µ —Ç–µ–º—ã, —Å–≤—è–∑–∞–Ω–Ω—ã–µ —Å –∫–∏–±–µ—Ä–±–µ–∑–æ–ø–∞—Å–Ω",441,4,2,0,0
1749203734,"2025-06-06T09:55:34.000Z",2229,"–ö–∞–∫ –ø–æ—Å—Ç—Ä–æ–∏—Ç—å –±–µ—Å–∫–æ–Ω–µ—á–Ω–æ –º–∞—Å—à—Ç–∞–±–∏—Ä—É–µ–º—É—é overlay-—Å–µ—Ç—å –¥–ª—è –ø—É–±–ª–∏—á–Ω–æ–≥–æ –æ–±–ª–∞–∫–∞? ","–ö–∞–∫ –ø–æ—Å—Ç—Ä–æ–∏—Ç—å –±–µ—Å–∫–æ–Ω–µ—á–Ω–æ –º–∞—Å—à—Ç–∞–±–∏—Ä—É–µ–º—É—é overlay-—Å–µ—Ç—å –¥–ª—è –ø—É–±–ª–∏—á–Ω–æ–≥–æ –æ–±–ª–∞–∫–∞?    –†–∞—Å—Å–∫–∞–∑—ã–≤–∞–µ–º –≤ 6-–º –≤—ã–ø—É—Å–∫–µ —Ä–µ–∞–ª–∏—Ç–∏ –ø—Ä–æ —Ä–∞–∑—Ä–∞–±–æ—Ç–∫—É –æ–±–ª–∞–∫–∞ ‚Äî Building the Cloud.  –£–∑–Ω–∞–π—Ç–µ, –∫–∞–∫ –º—ã –ø—Ä–æ–µ–∫—Ç–∏—Ä–æ–≤–∞–ª–∏ –∞—Ä—Ö–∏—Ç–µ–∫—Ç—É—Ä—É",424563,23,4,0,0
1748857940,"2025-06-02T09:52:20.000Z",2228,"–°–µ–≥–æ–¥–Ω—è –Ω–∞—á–∞–ª—Å—è –¶–ò–ü–† ‚Äî –∫—Ä—É–ø–Ω–µ–π—à–∞—è –∫–æ–Ω—Ñ–µ—Ä–µ–Ω—Ü–∏—è —Ü–∏—Ñ—Ä–æ–≤–æ–π –ø—Ä–æ–º—ã—à–ª–µ–Ω–Ω–æ—Å—Ç–∏! ","–°–µ–≥–æ–¥–Ω—è –Ω–∞—á–∞–ª—Å—è –¶–ò–ü–† ‚Äî –∫—Ä—É–ø–Ω–µ–π—à–∞—è –∫–æ–Ω—Ñ–µ—Ä–µ–Ω—Ü–∏—è —Ü–∏—Ñ—Ä–æ–≤–æ–π –ø—Ä–æ–º—ã—à–ª–µ–Ω–Ω–æ—Å—Ç–∏!    –ü—Ä–∏—Ö–æ–¥–∏—Ç–µ –Ω–∞ –≤—ã—Å—Ç—É–ø–ª–µ–Ω–∏—è –Ω–∞—à–∏—Ö –∫–æ–ª–ª–µ–≥ –∏–ª–∏ —Å–º–æ—Ç—Ä–∏—Ç–µ —Ç—Ä–∞–Ω—Å–ª—è—Ü–∏—é –≤—ã—Å—Ç—É–ø–ª–µ–Ω–∏–π –æ–Ω–ª–∞–π–Ω: [#alias|cipr.ru/stream-2025/|https://cipr.ru",1434,10,3,0,0
1748614370,"2025-05-30T14:12:50.000Z",2226,"–ö–æ–º–∞–Ω–¥–∞ KION —Ö–æ—Ç–µ–ª–∞ –≤—ã–ø—É—Å–∫–∞—Ç—å –±–æ–ª—å—à–µ –≤–∏–¥–µ–æ–∫–æ–Ω—Ç–µ–Ω—Ç–∞. –î–ª—è —ç—Ç–æ–≥–æ –Ω—É–∂–Ω–æ –±—ã–ª–æ –Ω–∞–Ω—è—Ç—å –±–æ–ª—å—à–µ –≤–∏–¥–µ–æ–∏–Ω–∂–µ–Ω–µ—Ä–æ–≤ –∏ –æ–±–µ—Å–ø–µ—á–∏—Ç—å –∏—Ö –≥—Ä–∞—Ñ–∏—á–µ—Å–∫–∏–º–∏ —Å—Ç–∞–Ω—Ü–∏—è–º–∏. –ù–æ —Å—Ç–∞—Ä–∞...","–ö–æ–º–∞–Ω–¥–∞ KION —Ö–æ—Ç–µ–ª–∞ –≤—ã–ø—É—Å–∫–∞—Ç—å –±–æ–ª—å—à–µ –≤–∏–¥–µ–æ–∫–æ–Ω—Ç–µ–Ω—Ç–∞. –î–ª—è —ç—Ç–æ–≥–æ –Ω—É–∂–Ω–æ –±—ã–ª–æ –Ω–∞–Ω—è—Ç—å –±–æ–ª—å—à–µ –≤–∏–¥–µ–æ–∏–Ω–∂–µ–Ω–µ—Ä–æ–≤ –∏ –æ–±–µ—Å–ø–µ—á–∏—Ç—å –∏—Ö –≥—Ä–∞—Ñ–∏—á–µ—Å–∫–∏–º–∏ —Å—Ç–∞–Ω—Ü–∏—è–º–∏. –ù–æ —Å—Ç–∞—Ä–∞—è –∏–Ω—Ñ—Ä–∞—Å—Ç—Ä—É–∫—Ç—É—Ä–∞ –∑–∞–º–µ–¥–ª—è–ª–∞ —Ä–æ—Å—Ç:  ‚Äî –∏–Ω–∂–µ–Ω–µ—Ä—ã –∏–∑ —Ä–µ",24955,10,2,0,0
1748251669,"2025-05-26T09:27:49.000Z",2223,"–ù–∞ –æ—á–µ—Ä–µ–¥–∏ –Ω–æ–≤—ã–π –≤—ã–ø—É—Å–∫ –ø–æ–¥–∫–∞—Å—Ç–∞ Pro –î–∞–Ω–Ω—ã–µ ","–ù–∞ –æ—á–µ—Ä–µ–¥–∏ –Ω–æ–≤—ã–π –≤—ã–ø—É—Å–∫ –ø–æ–¥–∫–∞—Å—Ç–∞ Pro –î–∞–Ω–Ω—ã–µ    –û—Ç —Å–∫–µ–ø—Å–∏—Å–∞ –∫ —Ä–µ–∞–ª—å–Ω–æ–º—É –≤–Ω–µ–¥—Ä–µ–Ω–∏—é: –∫–∞–∫ –º–µ–Ω—è–ª–æ—Å—å –æ—Ç–Ω–æ—à–µ–Ω–∏–µ –±–∏–∑–Ω–µ—Å–∞ –∫ –∏—Å–∫—É—Å—Å—Ç–≤–µ–Ω–Ω–æ–º—É –∏–Ω—Ç–µ–ª–ª–µ–∫—Ç—É –≤ —Ä–∞–±–æ—Ç–µ.    –í–º–µ—Å—Ç–µ —Å —ç–∫—Å–ø–µ—Ä—Ç–∞–º–∏ –∏–∑ R77 –≥–æ–≤–æ—Ä–∏–º –æ –ø—Ä–∞–∫—Ç–∏—á–µ—Å",566,3,1,0,0
1747916942,"2025-05-22T12:29:02.000Z",2219,"–ö–∞–∫ –º—ã —Å—Ç—Ä–æ–∏–º overlay-—Å–µ—Ç—å –¥–ª—è –Ω–æ–≤–æ–≥–æ –æ–±–ª–∞–∫–∞ MWS?","–ö–∞–∫ –º—ã —Å—Ç—Ä–æ–∏–º overlay-—Å–µ—Ç—å –¥–ª—è –Ω–æ–≤–æ–≥–æ –æ–±–ª–∞–∫–∞ MWS?  –£–∑–Ω–∞–π—Ç–µ 4 –∏—é–Ω—è –≤ —ç—Ñ–∏—Ä–µ 6-–≥–æ —ç–ø–∏–∑–æ–¥–∞ —Å–µ—Ä–∏–∞–ª–∞ –ø—Ä–æ —Å—Ç—Ä–æ–∏—Ç–µ–ª—å—Å—Ç–≤–æ –ø–ª–∞—Ç—Ñ–æ—Ä–º—ã —Å–æ–±—Å—Ç–≤–µ–Ω–Ω–æ–π —Ä–∞–∑—Ä–∞–±–æ—Ç–∫–∏.  –ò–Ω–∂–µ–Ω–µ—Ä—ã –∫–æ–º–∞–Ω–¥ VPC Data & Control Plane –†–µ–Ω–∞—Ç –ê—Ö–º–µ—Ä",532,4,1,0,0
1747836670,"2025-05-21T14:11:10.000Z",2218,"–ö–≤–∞—Ä—Ç–∞–ª—å–Ω—ã–π –æ—Ç—á–µ—Ç –ú–¢–°: –≤—ã—Ä—É—á–∫–∞ –æ–±–ª–∞–∫–∞ –ú–¢–° Web Services —É–≤–µ–ª–∏—á–∏–ª–∞—Å—å –Ω–∞ 34%","–ö–≤–∞—Ä—Ç–∞–ª—å–Ω—ã–π –æ—Ç—á–µ—Ç –ú–¢–°: –≤—ã—Ä—É—á–∫–∞ –æ–±–ª–∞–∫–∞ –ú–¢–° Web Services —É–≤–µ–ª–∏—á–∏–ª–∞—Å—å –Ω–∞ 34%  –ö–æ–º–ø–∞–Ω–∏—è –ø—Ä–æ–¥–æ–ª–∂–∞–µ—Ç —Ä–∞—Å—Ç–∏ –±—ã—Å—Ç—Ä–µ–µ —Å—Ä–µ–¥–Ω–∏—Ö –∑–Ω–∞—á–µ–Ω–∏–π –ø–æ —Ä—ã–Ω–∫—É.  –ü–æ–∫–∞–∑–∞—Ç–µ–ª–∏ –±—ã–ª–∏ –¥–æ—Å—Ç–∏–≥–Ω—É—Ç—ã –±–ª–∞–≥–æ–¥–∞—Ä—è  —É–≤–µ–ª–∏—á–µ–Ω–∏—é —á–∏—Å–ª–∞ –∫–æ–º–ø–∞–Ω–∏–π",23418,8,2,0,0
1747732971,"2025-05-20T09:22:51.000Z",2217,"–°—Ç–∞–Ω–æ–≤–∏–º—Å—è –ª—É—á—à–µ –±–ª–∞–≥–æ–¥–∞—Ä—è –≤–∞–º ","–°—Ç–∞–Ω–æ–≤–∏–º—Å—è –ª—É—á—à–µ –±–ª–∞–≥–æ–¥–∞—Ä—è –≤–∞–º    –ó–∞ –ø–æ—Å–ª–µ–¥–Ω–∏–µ –¥–≤–∞ –≥–æ–¥–∞ –º—ã –ø—Ä–æ–≤–µ–ª–∏ –Ω–µ—Å–∫–æ–ª—å–∫–æ –æ–ø—Ä–æ—Å–æ–≤ —Å—Ä–µ–¥–∏ –∫–ª–∏–µ–Ω—Ç–æ–≤ MTC Web Services. –ë–ª–∞–≥–æ–¥–∞—Ä—è –≤–∞—à–µ–π –æ–±—Ä–∞—Ç–Ω–æ–π —Å–≤—è–∑–∏ –º—ã —É–∂–µ —É–ª—É—á—à–∏–ª–∏ –∫–∞—á–µ—Å—Ç–≤–æ –∏–Ω—Å—Ç—Ä—É–∫—Ü–∏–π –¥–ª—è –Ω–∞—à–∏—Ö —Å–µ—Ä–≤–∏",22160,5,1,0,0
1747663294,"2025-05-19T14:01:34.000Z",2216,"–•–æ—Ç–∏—Ç–µ —É–∑–Ω–∞—Ç—å, –∫–∞–∫ —É—Å—Ç—Ä–æ–µ–Ω—ã —Å–µ—Ç–∏: –æ—Ç –ª–æ–∫–∞–ª—å–Ω—ã—Ö –¥–æ –≥–ª–æ–±–∞–ª—å–Ω—ã—Ö? ","–•–æ—Ç–∏—Ç–µ —É–∑–Ω–∞—Ç—å, –∫–∞–∫ —É—Å—Ç—Ä–æ–µ–Ω—ã —Å–µ—Ç–∏: –æ—Ç –ª–æ–∫–∞–ª—å–Ω—ã—Ö –¥–æ –≥–ª–æ–±–∞–ª—å–Ω—ã—Ö?   –ï—Å–ª–∏ –≤—ã –Ω–∞—á–∏–Ω–∞—é—â–∏–π —Å–µ—Ç–µ–≤–æ–π –∏–Ω–∂–µ–Ω–µ—Ä, –∞–¥–º–∏–Ω–∏—Å—Ç—Ä–∞—Ç–æ—Ä –∏–ª–∏ –ø—Ä–æ—Å—Ç–æ –∏–Ω—Ç–µ—Ä–µ—Å—É–µ—Ç–µ—Å—å —Ç–µ–º–æ–π, —ç—Ç–æ—Ç –∫—É—Ä—Å –¥–ª—è –≤–∞—Å.  –ù–∞—É—á–∏—Ç–µ—Å—å –Ω–∞—Å—Ç—Ä–∞–∏–≤–∞—Ç—å –æ—Å–Ω–æ–≤–Ω—ã–µ –∫–æ–º",22181,6,3,0,0
1747039541,"2025-05-12T08:45:41.000Z",2212,"–ö–∞–∫ –æ–±–ª–∞–∫–æ —à–∏—Ñ—Ä—É–µ—Ç –ø–æ–ª—å–∑–æ–≤–∞—Ç–µ–ª—å—Å–∫–∏–µ –¥–∞–Ω–Ω—ã–µ?","–ö–∞–∫ –æ–±–ª–∞–∫–æ —à–∏—Ñ—Ä—É–µ—Ç –ø–æ–ª—å–∑–æ–≤–∞—Ç–µ–ª—å—Å–∫–∏–µ –¥–∞–Ω–Ω—ã–µ?  –†–∞—Å—Å–∫–∞–∑—ã–≤–∞–µ–º –≤ 5-–º –≤—ã–ø—É—Å–∫–µ —Ä–µ–∞–ª–∏—Ç–∏ –ø—Ä–æ —Ä–∞–∑—Ä–∞–±–æ—Ç–∫—É –æ–±–ª–∞–∫–∞ ‚Äî Building the Cloud. –°–º–æ—Ç—Ä–∏—Ç–µ –Ω–æ–≤—ã–π —ç–ø–∏–∑–æ–¥ —Å —Ä—É–∫–æ–≤–æ–¥–∏—Ç–µ–ª–µ–º –Ω–∞–ø—Ä–∞–≤–ª–µ–Ω–∏—è Crypto Services MWS –ö–∏—Ä–∏–ª–ª",483598,20,2,0,0
1746628882,"2025-05-07T14:41:22.000Z",2210,"–ö–∞–∫ —Å–æ–∑–¥–∞—Ç—å –ø–ª–∞—Ç—Ñ–æ—Ä–º—É –∏–Ω—Ñ–µ—Ä–µ–Ω—Å–∞ LLM?","–ö–∞–∫ —Å–æ–∑–¥–∞—Ç—å –ø–ª–∞—Ç—Ñ–æ—Ä–º—É –∏–Ω—Ñ–µ—Ä–µ–Ω—Å–∞ LLM?  –ö—Ç–æ-—Ç–æ –æ—Ç–≤–µ—Ç–∏—Ç, —á—Ç–æ —ç—Ç–æ –ø—Ä–æ—Å—Ç–æ. –î–æ—Å—Ç–∞—Ç–æ—á–Ω–æ –≤–∑—è—Ç—å –º–æ–¥–µ–ª–∏ —Å Hugging Face, –∏—Å–ø–æ–ª—å–∑–æ–≤–∞—Ç—å vLLM, –∏ –≤—Å—ë –≥–æ—Ç–æ–≤–æ. –î–µ–π—Å—Ç–≤–∏—Ç–µ–ª—å–Ω–æ, –º–Ω–æ–≥–∏–µ —Ç–∞–∫ –Ω–∞—á–∏–Ω–∞—é—Ç. –°–ª–æ–∂–Ω–æ—Å—Ç–∏ –ø–æ—è–≤–ª—è—é—Ç—Å—è ",1001,6,1,0,0
1744801821,"2025-04-16T11:10:21.000Z",2208,"–ö–ª—é—á –æ—Ç –≤—Å–µ–≥–æ: –∫–∞–∫ –æ–±–ª–∞–∫–æ –∑–∞—â–∏—â–∞–µ—Ç –≤–∞—à–∏ –¥–∞–Ω–Ω—ã–µ? ","–ö–ª—é—á –æ—Ç –≤—Å–µ–≥–æ: –∫–∞–∫ –æ–±–ª–∞–∫–æ –∑–∞—â–∏—â–∞–µ—Ç –≤–∞—à–∏ –¥–∞–Ω–Ω—ã–µ?    –†–∞—Å—Å–∫–∞–∂–µ–º 30 –∞–ø—Ä–µ–ª—è –≤ —ç—Ñ–∏—Ä–µ 5-–≥–æ –≤—ã–ø—É—Å–∫–∞ —Ä–µ–∞–ª–∏—Ç–∏ –ø—Ä–æ —Ä–∞–∑—Ä–∞–±–æ—Ç–∫—É –æ–±–ª–∞–∫–∞ ‚Äî Building the Cloud.    –°–ø–∏–∫–µ—Ä:  –ö–∏—Ä–∏–ª–ª –ë–µ—Å–ø–∞–ª–æ–≤ ‚Äî —Ä—É–∫–æ–≤–æ–¥–∏—Ç–µ–ª—å –Ω–∞–ø—Ä–∞–≤–ª–µ–Ω–∏—è C",650,7,2,0,0
1743674691,"2025-04-03T10:04:51.000Z",2206,"–†–µ–∞–ª–∏—Ç–∏-–ø—Ä–æ–µ–∫—Ç Building the Cloud –ø—Ä–æ —Å—Ç—Ä–æ–∏—Ç–µ–ª—å—Å—Ç–≤–æ –Ω–æ–≤–æ–≥–æ –æ–±–ª–∞–∫–∞ MWS –Ω–∞–±–∏—Ä–∞–µ—Ç –æ–±–æ—Ä–æ—Ç—ã. ","–†–µ–∞–ª–∏—Ç–∏-–ø—Ä–æ–µ–∫—Ç Building the Cloud –ø—Ä–æ —Å—Ç—Ä–æ–∏—Ç–µ–ª—å—Å—Ç–≤–æ –Ω–æ–≤–æ–≥–æ –æ–±–ª–∞–∫–∞ MWS –Ω–∞–±–∏—Ä–∞–µ—Ç –æ–±–æ—Ä–æ—Ç—ã.  –í—ã—à–µ–ª —á–µ—Ç–≤—ë—Ä—Ç—ã–π –≤—ã–ø—É—Å–∫, –≥–¥–µ –Ω–∞—à–∏ –∏–Ω–∂–µ–Ω–µ—Ä—ã —Ä–∞—Å—Å–∫–∞–∑–∞–ª–∏, –∫–∞–∫ –º—ã —Å—Ç—Ä–æ–∏–º underlay-—Å–µ—Ç—å –Ω–æ–≤–æ–π –ø—É–±–ª–∏—á–Ω–æ–π –ø–ª–∞—Ç—Ñ–æ—Ä–º—ã.   ",561598,32,2,0,0
1742905973,"2025-03-25T12:32:53.000Z",2205,"–ö–∞–∫ –ø–æ—Å—Ç—Ä–æ–∏—Ç—å –Ω–∞–¥—ë–∂–Ω—É—é underlay-—Å–µ—Ç—å –¥–ª—è –ø—É–±–ª–∏—á–Ω–æ–≥–æ –æ–±–ª–∞–∫–∞? ","–ö–∞–∫ –ø–æ—Å—Ç—Ä–æ–∏—Ç—å –Ω–∞–¥—ë–∂–Ω—É—é underlay-—Å–µ—Ç—å –¥–ª—è –ø—É–±–ª–∏—á–Ω–æ–≥–æ –æ–±–ª–∞–∫–∞?    –£–∑–Ω–∞–π—Ç–µ 3 –∞–ø—Ä–µ–ª—è –≤ —ç—Ñ–∏—Ä–µ 4-–≥–æ –≤—ã–ø—É—Å–∫–∞ —Ä–µ–∞–ª–∏—Ç–∏-–ø—Ä–æ–µ–∫—Ç–∞ –¥–ª—è —Ä–∞–∑—Ä–∞–±–æ—Ç—á–∏–∫–æ–≤ Building the Cloud.    –°–ø–∏–∫–µ—Ä—ã:  –í–∏—Ç–∞–ª–∏–π –ï–≥–æ—Ä–æ–≤ ‚Äî —Ä—É–∫–æ–≤–æ–¥–∏—Ç–µ–ª—å –Ω–∞",763,7,2,0,0
1742467363,"2025-03-20T10:42:43.000Z",2204,"–ë–∞–∑–∞ –¥–∞–Ω–Ω—ã—Ö, –¥–∞—à–±–æ—Ä–¥, –∫–∞–Ω–±–∞–Ω –∏–ª–∏ —Ä–µ–µ—Å—Ç—Ä ‚Äî –∑–∞–¥–∞—á–∏ —Ä–∞–∑–Ω—ã–µ, –∞ —Å–µ—Ä–≤–∏—Å –æ–¥–∏–Ω ","–ë–∞–∑–∞ –¥–∞–Ω–Ω—ã—Ö, –¥–∞—à–±–æ—Ä–¥, –∫–∞–Ω–±–∞–Ω –∏–ª–∏ —Ä–µ–µ—Å—Ç—Ä ‚Äî –∑–∞–¥–∞—á–∏ —Ä–∞–∑–Ω—ã–µ, –∞ —Å–µ—Ä–≤–∏—Å –æ–¥–∏–Ω    –ß—Ç–æ–±—ã —Å–æ–±—Ä–∞—Ç—å –∫–≤–∞—Ä—Ç–∞–ª—å–Ω—ã–π –æ—Ç—á—ë—Ç –∏–∑ –¥–µ—Å—è—Ç–∫–∞ —Ä–∞–∑–Ω—ã—Ö —Ç–∞–±–ª–∏—Ü, –ø—Ä–æ–≤–µ—Å—Ç–∏ –æ–ø—Ä–æ—Å –≤–Ω—É—Ç—Ä–∏ –∫–æ–º–ø–∞–Ω–∏–∏ –∏–ª–∏ —Å–æ–∑–¥–∞—Ç—å –∫–∞–Ω–±–∞–Ω-–¥–æ—Å–∫—É ‚Äî –Ω—É–∂–Ω–æ –ø–µ—Ä–µ",608,5,1,0,0
1742388425,"2025-03-19T12:47:05.000Z",2203,"–û–±–ª–∞–∫–æ –≤ –≥–æ—Ä–∞—Ö","–û–±–ª–∞–∫–æ –≤ –≥–æ—Ä–∞—Ö  –ü—Ä–∏–≥–ª–∞—à–∞–µ–º –Ω–∞ –º–∏—Ç–∞–ø –≤ –°–æ—á–∏, –∫–æ—Ç–æ—Ä—ã–π —Å–æ—Å—Ç–æ–∏—Ç—Å—è 27 –º–∞—Ä—Ç–∞!    –ü–æ–≥–æ–≤–æ—Ä–∏–º –æ —Ä–∞–∑—Ä–∞–±–æ—Ç–∫–µ —Å–æ–±—Å—Ç–≤–µ–Ω–Ω–æ–π –æ–±–ª–∞—á–Ω–æ–π –ø–ª–∞—Ç—Ñ–æ—Ä–º—ã MWS.    –ù–∞—à–∏ –∏–Ω–∂–µ–Ω–µ—Ä—ã –ø–æ–¥–≥–æ—Ç–æ–≤–∏–ª–∏ –¥–ª—è –≤–∞—Å —Ç—Ä–∏ —Ç–µ—Ö–Ω–∏—á–µ—Å–∫–∏—Ö –¥–æ–∫–ª–∞–¥–∞:  ‚Äî –ö",547,5,2,0,0
1742298359,"2025-03-18T11:45:59.000Z",2202,"–°–ø–∞—Å—Ç–∏ –ø—Ä–∏—Ä–æ–¥—É –∏ —Å–æ—Ç—Ä—É–¥–Ω–∏–∫–æ–≤ –æ—Ç –≤—ã–≥–æ—Ä–∞–Ω–∏—è ","–°–ø–∞—Å—Ç–∏ –ø—Ä–∏—Ä–æ–¥—É –∏ —Å–æ—Ç—Ä—É–¥–Ω–∏–∫–æ–≤ –æ—Ç –≤—ã–≥–æ—Ä–∞–Ω–∏—è    –ù–∞ —ç—Ç–æ —Å–ø–æ—Å–æ–±–µ–Ω –ö–≠–î–û ‚Äî —Å–µ—Ä–≤–∏—Å –∫–∞–¥—Ä–æ–≤–æ–≥–æ —ç–ª–µ–∫—Ç—Ä–æ–Ω–Ω–æ–≥–æ –¥–æ–∫—É–º–µ–Ω—Ç–æ–æ–±–æ—Ä–æ—Ç–∞.    –ë–ª–∞–≥–æ–¥–∞—Ä—è –∞–≤—Ç–æ–º–∞—Ç–∏–∑–∞—Ü–∏–∏ –ø—Ä–æ—Ü–µ—Å—Å–æ–≤, HR —Å–º–æ–≥—É—Ç –¥–µ–ª–∞—Ç—å –±–æ–ª—å—à–µ, –∑–∞—Ç—Ä–∞—á–∏–≤–∞—è –º–µ–Ω—å—à–µ —Å–∏–ª",512,5,2,0,0
1742220538,"2025-03-17T14:08:58.000Z",2201,"27% –æ—à–∏–±–æ–∫ –≤ –±—É—Ö–≥–∞–ª—Ç–µ—Ä—Å–∫–æ–º —É—á—ë—Ç–µ –≤–æ–∑–Ω–∏–∫–∞—é—Ç –∏–∑-–∑–∞ —Ç–æ–≥–æ, —á—Ç–æ —Å–æ—Ç—Ä—É–¥–Ω–∏–∫–∏ –≤–≤–æ–¥—è—Ç –¥–∞–Ω–Ω—ã–µ –≤—Ä—É—á–Ω—É—é. –≠—Ç–æ —Å—Ç–∞—Ç–∏—Å—Ç–∏–∫–∞ –∞–≥–µ–Ω—Ç—Å—Ç–≤–∞ Bloomberg. ","27% –æ—à–∏–±–æ–∫ –≤ –±—É—Ö–≥–∞–ª—Ç–µ—Ä—Å–∫–æ–º —É—á—ë—Ç–µ –≤–æ–∑–Ω–∏–∫–∞—é—Ç –∏–∑-–∑–∞ —Ç–æ–≥–æ, —á—Ç–æ —Å–æ—Ç—Ä—É–¥–Ω–∏–∫–∏ –≤–≤–æ–¥—è—Ç –¥–∞–Ω–Ω—ã–µ –≤—Ä—É—á–Ω—É—é. –≠—Ç–æ —Å—Ç–∞—Ç–∏—Å—Ç–∏–∫–∞ –∞–≥–µ–Ω—Ç—Å—Ç–≤–∞ Bloomberg.    –†—É—Ç–∏–Ω–∞ –Ω–µ —Ç–æ–ª—å–∫–æ —Å–Ω–∏–∂–∞–µ—Ç –º–æ—Ç–∏–≤–∞—Ü–∏—é, –Ω–æ –∏ –¥–æ—Ä–æ–≥–æ –æ–±—Ö–æ–¥–∏—Ç—Å—è –∫–æ–º–ø–∞–Ω–∏–∏. ",440,3,1,0,0
1741940090,"2025-03-14T08:14:50.000Z",2200,"–¢–µ—Å—Ç–∏—Ä—É–π—Ç–µ —Ä–∞–∑–Ω—ã–µ LLM –≤ MWS GPT ","–¢–µ—Å—Ç–∏—Ä—É–π—Ç–µ —Ä–∞–∑–Ω—ã–µ LLM –≤ MWS GPT    –ö–æ–º–ø–∞–Ω–∏–∏ –∞–∫—Ç–∏–≤–Ω–æ –≤–Ω–µ–¥—Ä—è—é—Ç —Ä–µ—à–µ–Ω–∏—è –Ω–∞ –æ—Å–Ω–æ–≤–µ –±–æ–ª—å—à–∏—Ö —è–∑—ã–∫–æ–≤—ã—Ö –º–æ–¥–µ–ª–µ–π: –±–æ—Ç—ã —Ç–µ—Ö–ø–æ–¥–¥–µ—Ä–∂–∫–∏, —É–º–Ω—ã–π –ø–æ–∏—Å–∫ –ø–æ –±–∞–∑–µ –∑–Ω–∞–Ω–∏–π, –≤—ã—è–≤–ª–µ–Ω–∏–µ –º–æ—à–µ–Ω–Ω–∏–∫–æ–≤ –≤ –¥–∏–∞–ª–æ–≥–µ –∏–ª–∏ HR-–∞—Å—Å–∏—Å—Ç–µ–Ω—Ç—ã",424,5,2,0,0
1741872418,"2025-03-13T13:26:58.000Z",2199,"–û–∫–æ–ª–æ 60% –≤—Ä–µ–º–µ–Ω–∏ —Å–æ—Ç—Ä—É–¥–Ω–∏–∫–∏ —Ç—Ä–∞—Ç—è—Ç –Ω–∞ —Ä—É—Ç–∏–Ω–Ω—ã–µ –ø—Ä–æ—Ü–µ—Å—Å—ã. ","–û–∫–æ–ª–æ 60% –≤—Ä–µ–º–µ–Ω–∏ —Å–æ—Ç—Ä—É–¥–Ω–∏–∫–∏ —Ç—Ä–∞—Ç—è—Ç –Ω–∞ —Ä—É—Ç–∏–Ω–Ω—ã–µ –ø—Ä–æ—Ü–µ—Å—Å—ã.    –£–º–µ–Ω—å—à–∏—Ç—å –æ–±—ä—ë–º —Ä—É—Ç–∏–Ω—ã, —Å–æ–∫—Ä–∞—Ç–∏—Ç—å –∑–∞—Ç—Ä–∞—Ç—ã –∏ –ø—Ä–∏–Ω–∏–º–∞—Ç—å –±–æ–ª–µ–µ –≤–µ—Ä–Ω—ã–µ —Å—Ç—Ä–∞—Ç–µ–≥–∏—á–µ—Å–∫–∏–µ —Ä–µ—à–µ–Ω–∏—è –ø–æ–º–æ–∂–µ—Ç –∫–æ–º–±–∏–Ω–∞—Ü–∏—è –¶–∏—Ñ—Ä–æ–≤–æ–≥–æ —Å–æ—Ç—Ä—É–¥–Ω–∏–∫–∞ (RPA) –∏ B",403,3,1,0,0
1741689613,"2025-03-11T10:40:13.000Z",2198,"–°–Ω–∏–∑–∏—Ç—å —ç–Ω–µ—Ä–≥–æ–ø–æ—Ç—Ä–µ–±–ª–µ–Ω–∏–µ LLM ‚Äî –¥–µ–ª–æ —Ä—É–∫ —Å–∞–º–æ–π LLM ","–°–Ω–∏–∑–∏—Ç—å —ç–Ω–µ—Ä–≥–æ–ø–æ—Ç—Ä–µ–±–ª–µ–Ω–∏–µ LLM ‚Äî –¥–µ–ª–æ —Ä—É–∫ —Å–∞–º–æ–π LLM    LLM ‚Äî —ç—Ç–æ –±–æ–ª—å—à–∏–µ —è–∑—ã–∫–æ–≤—ã–µ –º–æ–¥–µ–ª–∏. –°–µ–π—á–∞—Å –Ω–∞—É–∫–∞ –ø—ã—Ç–∞–µ—Ç—Å—è —Ä–µ—à–∏—Ç—å –≤–æ–ø—Ä–æ—Å: –∫–∞–∫ —Å–Ω–∏–∑–∏—Ç—å –∏—Ö —ç–Ω–µ—Ä–≥–æ–ø–æ—Ç—Ä–µ–±–ª–µ–Ω–∏–µ? –û—Ç–≤–µ—Ç –ø–æ–º–æ–∂–µ—Ç –Ω–∞–π—Ç–∏ —Å–∞–º–∞ LLM.    –í –Ω–µ–¥–∞–≤",433,4,1,0,0
1741607771,"2025-03-10T11:56:11.000Z",2197,"–†–∞–Ω—å—à–µ –±–æ–ª—å—à–∏–Ω—Å—Ç–≤–æ VDI-—Å–∏—Å—Ç–µ–º –Ω–∞ —Ä—ã–Ω–∫–µ –±—ã–ª–∏ –∑–∞—Ä—É–±–µ–∂–Ω—ã–º–∏. –°–µ–≥–æ–¥–Ω—è –±–∏–∑–Ω–µ—Å—É –Ω—É–∂–Ω—ã —Ä–æ—Å—Å–∏–π—Å–∫–∏–µ –Ω–∞–¥—ë–∂–Ω—ã–µ —Ä–µ—à–µ–Ω–∏—è. ","–†–∞–Ω—å—à–µ –±–æ–ª—å—à–∏–Ω—Å—Ç–≤–æ VDI-—Å–∏—Å—Ç–µ–º –Ω–∞ —Ä—ã–Ω–∫–µ –±—ã–ª–∏ –∑–∞—Ä—É–±–µ–∂–Ω—ã–º–∏. –°–µ–≥–æ–¥–Ω—è –±–∏–∑–Ω–µ—Å—É –Ω—É–∂–Ω—ã —Ä–æ—Å—Å–∏–π—Å–∫–∏–µ –Ω–∞–¥—ë–∂–Ω—ã–µ —Ä–µ—à–µ–Ω–∏—è.    –≠—Ç–æ –ø–æ–¥—Ç–≤–µ—Ä–∂–¥–∞—é—Ç —Ç–µ–º–ø—ã —Ä–æ—Å—Ç–∞ —Å–µ–≥–º–µ–Ω—Ç–∞: –∑–∞ –≥–æ–¥ —Å–ø—Ä–æ—Å –Ω–∞ –≤–∏—Ä—Ç—É–∞–ª—å–Ω—ã–µ —Ä–∞–±–æ—á–∏–µ –º–µ—Å—Ç–∞ –≤ –æ–±–ª–∞–∫–µ",389,4,1,0,0
1741246521,"2025-03-06T07:35:21.000Z",2196,"–£–≤–∏–¥–∏–º—Å—è –Ω–∞ –º–∏—Ç–∞–ø–µ Trends & Cloud Tech –≤ –£—Ñ–µüî•","–£–≤–∏–¥–∏–º—Å—è –Ω–∞ –º–∏—Ç–∞–ø–µ Trends & Cloud Tech –≤ –£—Ñ–µüî•   –ü–æ–≥–æ–≤–æ—Ä–∏–º, –∫–∞–∫ –∏–∑–º–µ–Ω–∏–ª—Å—è —Ä—ã–Ω–æ–∫ –æ–±–ª–∞—á–Ω—ã—Ö —Ç–µ—Ö–Ω–æ–ª–æ–≥–∏–π –∑–∞ –ø–æ—Å–ª–µ–¥–Ω–∏–µ —Ç—Ä–∏ –≥–æ–¥–∞ –∏ –∫–∞–∫–∏–µ –Ω–æ–≤—ã–µ —Å–µ—Ä–≤–∏—Å—ã –ø–æ—è–≤—è—Ç—Å—è –≤ –±–ª–∏–∂–∞–π—à–µ–º –±—É–¥—É—â–µ–º.    –í—ã —É–∑–Ω–∞–µ—Ç–µ:    ‚Äî –∫–∞–∫ –æ–±",382,4,1,0,0
1741164378,"2025-03-05T08:46:18.000Z",2195,"–í—ã—Ä—É—á–∫–∞ MTC Web Services –≤—ã—Ä–æ—Å–ª–∞ –Ω–∞ 31% üìä","–í—ã—Ä—É—á–∫–∞ MTC Web Services –≤—ã—Ä–æ—Å–ª–∞ –Ω–∞ 31% üìä   –°–µ–≥–æ–¥–Ω—è –ú–¢–° –æ–ø—É–±–ª–∏–∫–æ–≤–∞–ª –æ—Ç—á—ë—Ç –æ —Ñ–∏–Ω–∞–Ω—Å–æ–≤—ã—Ö —Ä–µ–∑—É–ª—å—Ç–∞—Ç–∞—Ö –∑–∞ 2024 –≥–æ–¥. –î–µ–ª–∏–º—Å—è –æ—Å–Ω–æ–≤–Ω—ã–º–∏ –ø–æ–∫–∞–∑–∞—Ç–µ–ª—è–º–∏ MTC Web Services.    –ö–ª–∏–µ–Ω—Ç–æ–≤, –∫–æ—Ç–æ—Ä—ã–µ —Ä–∞–∑–º–µ—Å—Ç–∏–ª–∏ —Å–≤–æ–∏ —Å",850,7,3,0,0
1741082638,"2025-03-04T10:03:58.000Z",2193,"–í—ã—à–µ–ª —Ç—Ä–µ—Ç–∏–π –≤—ã–ø—É—Å–∫ —Ä–µ–∞–ª–∏—Ç–∏ –¥–ª—è —Ä–∞–∑—Ä–∞–±–æ—Ç—á–∏–∫–æ–≤ –æ—Ç –ú–¢–° Web Services ‚Äî Building the Cloud. ","–í—ã—à–µ–ª —Ç—Ä–µ—Ç–∏–π –≤—ã–ø—É—Å–∫ —Ä–µ–∞–ª–∏—Ç–∏ –¥–ª—è —Ä–∞–∑—Ä–∞–±–æ—Ç—á–∏–∫–æ–≤ –æ—Ç –ú–¢–° Web Services ‚Äî Building the Cloud.  –í –Ω—ë–º —Ä–∞—Å—Å–∫–∞–∑—ã–≤–∞–µ–º, –∫–∞–∫ —Å—Ç—Ä–æ–∏–º —Å –Ω—É–ª—è –Ω–æ–≤—É—é –æ–±–ª–∞—á–Ω—É—é –ø–ª–∞—Ç—Ñ–æ—Ä–º—É MWS.    –î–º–∏—Ç—Ä–∏–π –®–∞–ø–æ—à–Ω–∏–∫–æ–≤, tech lead –∫–æ–º–∞–Ω–¥—ã Ob",327032,7,3,0,0
1740489240,"2025-02-25T13:14:00.000Z",2191,"–†–∞—Å—Å–∫–∞–∂–∏—Ç–µ –ø—Ä–æ MWS! ","–†–∞—Å—Å–∫–∞–∂–∏—Ç–µ –ø—Ä–æ MWS!    –ö–∞–∫ —Ä–∞–±–æ—Ç–∞—é—Ç –∫–æ–º–∞–Ω–¥—ã, –∫–æ—Ç–æ—Ä—ã–µ —Ä–∞–∑—Ä–∞–±–∞—Ç—ã–≤–∞—é—Ç —Å –Ω—É–ª—è –Ω–æ–≤—É—é –æ–±–ª–∞—á–Ω—É—é –ø–ª–∞—Ç—Ñ–æ—Ä–º—É?      –í –≤–∏–¥–µ–æ –ø–æ–¥–∫–∞—Å—Ç–µ ‚Äú–†–∞—Å—Å–∫–∞–∂–∏—Ç–µ –ø—Ä–æ MWS‚Äù –≤—ã —É–∑–Ω–∞–µ—Ç–µ:  - –ü–æ—á–µ–º—É –ø–æ–≤–µ–¥–µ–Ω—á–µ—Å–∫–∏–µ –ø–∞—Ç—Ç–µ—Ä–Ω—ã –∏–∑ –∏–≥—Ä —Ä–∞–±–æ—Ç",952722,28,4,0,0
1740154428,"2025-02-21T16:13:48.000Z",2189,"–í—ã—à–µ–ª –Ω–æ–≤—ã–π –≤—ã–ø—É—Å–∫ –ø–æ–¥–∫–∞—Å—Ç–∞ Pro –î–∞–Ω–Ω—ã–µ! ","–í—ã—à–µ–ª –Ω–æ–≤—ã–π –≤—ã–ø—É—Å–∫ –ø–æ–¥–∫–∞—Å—Ç–∞ Pro –î–∞–Ω–Ω—ã–µ!    –í —à–µ—Å—Ç–æ–º –≤—ã–ø—É—Å–∫–µ –ø–æ–¥–∫–∞—Å—Ç–∞ –æ–±—Å—É–∂–¥–∞–µ–º BI-–∞–Ω–∞–ª–∏—Ç–∏–∫—É.   –ì–æ–≤–æ—Ä–∏–º –æ —Ç–æ–º, –∫–æ–≥–¥–∞ –±–∏–∑–Ω–µ—Å—É –ø–æ—Ä–∞ –≤—ã—Ö–æ–¥–∏—Ç—å –∑–∞ –ø—Ä–µ–¥–µ–ª—ã Excel, –∫–∞–∫–∏–µ –ø—Ä–∏–∑–Ω–∞–∫–∏ —É–∫–∞–∑—ã–≤–∞—é—Ç –Ω–∞ –Ω–µ–æ–±—Ö–æ–¥–∏–º–æ—Å—Ç—å –ø–µ",98009,8,4,0,0
1738251627,"2025-01-30T15:40:27.000Z",2187,"–ü—Ä–æ–≤–µ–ª–∏ –≤–µ–±–∏–Ω–∞—Ä –æ —Ç–æ–º, –∫–∞–∫ –ø–æ–¥–≥–æ—Ç–æ–≤–∏—Ç—å—Å—è –∫ —Å–µ–∑–æ–Ω—É, —á—Ç–æ–±—ã –≤–∞—à–∏ —Å–∏—Å—Ç–µ–º—ã –Ω–µ —É–ø–∞–ª–∏ –≤ –ø–µ—Ä–∏–æ–¥ –≤—ã—Å–æ–∫–∏—Ö –Ω–∞–≥—Ä—É–∑–æ–∫! ","–ü—Ä–æ–≤–µ–ª–∏ –≤–µ–±–∏–Ω–∞—Ä –æ —Ç–æ–º, –∫–∞–∫ –ø–æ–¥–≥–æ—Ç–æ–≤–∏—Ç—å—Å—è –∫ —Å–µ–∑–æ–Ω—É, —á—Ç–æ–±—ã –≤–∞—à–∏ —Å–∏—Å—Ç–µ–º—ã –Ω–µ —É–ø–∞–ª–∏ –≤ –ø–µ—Ä–∏–æ–¥ –≤—ã—Å–æ–∫–∏—Ö –Ω–∞–≥—Ä—É–∑–æ–∫!    –û–±—Å—É–¥–∏–ª–∏:   –ö –∫–∞–∫–∏–º —Ä–∏—Å–∫–∞–º –≤ —Ä–∞–±–æ—Ç–µ –ò–¢-—Å–∏—Å—Ç–µ–º –Ω—É–∂–Ω–æ –±—ã—Ç—å –≥–æ—Ç–æ–≤—ã–º –≤–æ –≤—Ä–µ–º—è –≤—ã—Å–æ–∫–æ–≥–æ —Å–ø—Ä–æ—Å–∞  ",100713,5,0,0,0
1737371554,"2025-01-20T11:12:34.000Z",2185,"–í—ã—à–µ–ª –Ω–æ–≤—ã–π –≤—ã–ø—É—Å–∫ –ø–æ–¥–∫–∞—Å—Ç–∞ PRO –î–∞–Ω–Ω—ã–µ! ","–í—ã—à–µ–ª –Ω–æ–≤—ã–π –≤—ã–ø—É—Å–∫ –ø–æ–¥–∫–∞—Å—Ç–∞ PRO –î–∞–Ω–Ω—ã–µ!   –ù–∞ —ç—Ç–æ—Ç —Ä–∞–∑ –°–≤–µ—Ç–ª–∞–Ω–∞ –ú–∞—Ä–∫–æ–≤–∞, –≥–ª–∞–≤–Ω—ã–π –∫–æ–Ω—Å—É–ª—å—Ç–∞–Ω—Ç –∏ –±–∏–∑–Ω–µ—Å-–∞—Ä—Ö–∏—Ç–µ–∫—Ç–æ—Ä Neoflex, –ú—É—Ä–∞–¥ –ú–∞–º–µ–¥–æ–≤, –ø—Ä–æ–¥–∞–∫—Ç ML-–ø–ª–∞—Ç—Ñ–æ—Ä–º—ã –ú–¢–° Web Services –≤–º–µ—Å—Ç–µ —Å –≤–µ–¥—É—â–µ–π –û–ª—å–≥–æ–π –ü–æ",99693,6,0,0,0
1737037682,"2025-01-16T14:28:02.000Z",2183,"–ú—ã –∑–∞–ø—É—Å—Ç–∏–ª–∏ —Å–µ–≥–º–µ–Ω—Ç –≤–∏—Ä—Ç—É–∞–ª—å–Ω–æ–π –∏–Ω—Ñ—Ä–∞—Å—Ç—Ä—É–∫—Ç—É—Ä—ã —Å GPU, –∞—Ç—Ç–µ—Å—Ç–æ–≤–∞–Ω–Ω—ã–π –Ω–∞ —Å–æ–æ—Ç–≤–µ—Ç—Å—Ç–≤–∏–µ —Ç—Ä–µ–±–æ–≤–∞–Ω–∏—è–º 152-–§–ó –ø–æ –ø–µ—Ä–≤–æ–º—É —É—Ä–æ–≤–Ω—é –∑–∞—â–∏—â—ë–Ω–Ω–æ—Å—Ç–∏. [#alias|vk.cc/...","–ú—ã –∑–∞–ø—É—Å—Ç–∏–ª–∏ —Å–µ–≥–º–µ–Ω—Ç –≤–∏—Ä—Ç—É–∞–ª—å–Ω–æ–π –∏–Ω—Ñ—Ä–∞—Å—Ç—Ä—É–∫—Ç—É—Ä—ã —Å GPU, –∞—Ç—Ç–µ—Å—Ç–æ–≤–∞–Ω–Ω—ã–π –Ω–∞ —Å–æ–æ—Ç–≤–µ—Ç—Å—Ç–≤–∏–µ —Ç—Ä–µ–±–æ–≤–∞–Ω–∏—è–º 152-–§–ó –ø–æ –ø–µ—Ä–≤–æ–º—É —É—Ä–æ–≤–Ω—é –∑–∞—â–∏—â—ë–Ω–Ω–æ—Å—Ç–∏. [#alias|vk.cc/cHmuqF|https://vk.cc/cHmuqF]   –í —Å–µ—Ä–≤–∏—Å –≤–æ–π–¥—É—Ç –≤—Å–µ",50323,15,0,0,0
1735389431,"2024-12-28T12:37:11.000Z",2181,"–ü–µ—Ä–µ–¥ –¥–ª–∏–Ω–Ω—ã–º–∏ –ø—Ä–∞–∑–¥–Ω–∏–∫–∞–º–∏ –≤—Å–ø–æ–º–∏–Ω–∞–µ–º —è—Ä–∫–∏–µ –º–∞—Ç–µ—Ä–∏–∞–ª—ã —É—Ö–æ–¥—è—â–µ–≥–æ –≥–æ–¥–∞!","–ü–µ—Ä–µ–¥ –¥–ª–∏–Ω–Ω—ã–º–∏ –ø—Ä–∞–∑–¥–Ω–∏–∫–∞–º–∏ –≤—Å–ø–æ–º–∏–Ω–∞–µ–º —è—Ä–∫–∏–µ –º–∞—Ç–µ—Ä–∏–∞–ª—ã —É—Ö–æ–¥—è—â–µ–≥–æ –≥–æ–¥–∞!  [#alias|vk.cc/cGEcKZ|https://vk.cc/cGEcKZ]  –í —Å—Ç–∞—Ç—å–µ: –ª—É—á—à–∏–µ —Å—Ç–∞—Ç—å–∏ –Ω–∞ –•–∞–±—Ä–µ, –Ω–∞—à–∏ –ø–æ–¥–∫–∞—Å—Ç—ã –∏ –∫—É—Ä—Å—ã.  –ù—É –∞ –º—ã —É—Ö–æ–¥–∏–º –Ω–∞ –∫–∞–Ω–∏–∫—É–ª—ã!",59348,23,1,0,0
1734346534,"2024-12-16T10:55:34.000Z",2179,"–í—ã—à–µ–ª –≤—Ç–æ—Ä–æ–π –≤—ã–ø—É—Å–∫ –Ω–∞—à–µ–≥–æ —Ä–µ–∞–ª–∏—Ç–∏ ""Building the Cloud""! ","–í—ã—à–µ–ª –≤—Ç–æ—Ä–æ–π –≤—ã–ø—É—Å–∫ –Ω–∞—à–µ–≥–æ —Ä–µ–∞–ª–∏—Ç–∏ ""Building the Cloud""!  –í –Ω–µ–º —Ä–∞—Å—Å–∫–∞–∑—ã–≤–∞–µ–º, –∫–∞–∫ –º—ã —Å—Ç—Ä–æ–∏–º —Å –Ω—É–ª—è —Å–æ–±—Å—Ç–≤–µ–Ω–Ω—É—é –æ–±–ª–∞—á–Ω—É—é –ø–ª–∞—Ç—Ñ–æ—Ä–º—É –ú–¢–° Web Services.    –í –Ω–æ–≤–æ–º —ç–ø–∏–∑–æ–¥–µ —Ä–∞—Å—Å–∫–∞–∑–∞–ª–∏, –∫–∞–∫ —É—Å—Ç—Ä–æ–µ–Ω —Å–µ—Ä–≤–∏—Å IA",197973,15,0,0,0
1733753202,"2024-12-09T14:06:42.000Z",2176,"–í—ã—à–µ–ª –Ω–æ–≤—ã–π –≤—ã–ø—É—Å–∫ –ø–æ–¥–∫–∞—Å—Ç–∞ PRO –î–∞–Ω–Ω—ã–µ! ","–í—ã—à–µ–ª –Ω–æ–≤—ã–π –≤—ã–ø—É—Å–∫ –ø–æ–¥–∫–∞—Å—Ç–∞ PRO –î–∞–Ω–Ω—ã–µ!    –í –Ω—ë–º –±—É–¥–µ–º —Ä–∞–∑–±–∏—Ä–∞—Ç—å—Å—è, —á—Ç–æ —Ç–∞–∫–æ–µ RAG, LLM, GPT, —á–∞—Ç-–±–æ—Ç—ã, –Ω–µ–π—Ä–æ—Å–µ—Ç–∏, ML. –ê —Ç–∞–∫–∂–µ –æ–±—Å—É–¥–∏–º, –≥–¥–µ –∑–∞–∫–∞–Ω—á–∏–≤–∞–µ—Ç—Å—è –±—ã—Ç–æ–≤–æ–µ –∏—Å–ø–æ–ª—å–∑–æ–≤–∞–Ω–∏–µ –∏ –Ω–∞—á–∏–Ω–∞–µ—Ç—Å—è —Ä–µ–∞–ª—å–Ω–∞—è –ø–æ–ª",101165,6,0,0,0
1733236753,"2024-12-03T14:39:13.000Z",2174,"–°–æ–∑–¥–∞—ë–º –æ–±–ª–∞–∫–æ –Ω–∞ –≤–∞—à–∏—Ö –≥–ª–∞–∑–∞—Ö ","–°–æ–∑–¥–∞—ë–º –æ–±–ª–∞–∫–æ –Ω–∞ –≤–∞—à–∏—Ö –≥–ª–∞–∑–∞—Ö    –í–æ –≤—Ç–æ—Ä–æ–º –≤—ã–ø—É—Å–∫–µ —Ä–µ–∞–ª–∏—Ç–∏-–ø—Ä–æ–µ–∫—Ç–∞ Building the Cloud –ø–æ–≥—Ä—É–∂–∞–µ–º—Å—è –≤ —Ä–∞–±–æ—Ç—É —Å–µ—Ä–≤–∏—Å–∞ Identity and Access Management (IAM).  –ü–æ–∫–∞–∂–µ–º, –∫–∞–∫ —Å—Ç—Ä–æ–∏–º —Å–∏—Å—Ç–µ–º—É —É–ø—Ä–∞–≤–ª–µ–Ω–∏—è –¥–æ—Å—Ç—É–ø",101285,7,1,0,0
1732612018,"2024-11-26T09:06:58.000Z",2172,"–û—Å—Ç–∞–≤–ª—è–µ–º –≤ –ª–µ–Ω—Ç–µ –∑–∞–ø–∏—Å—å –Ω–∞—à–µ–≥–æ –≤–µ–±–∏–Ω–∞—Ä–∞ –æ —Ç–æ–º, –∫–∞–∫ –æ–±–æ—Å–Ω–æ–≤–∞—Ç—å –±–∏–∑–Ω–µ—Å—É –∑–∞—Ç—Ä–∞—Ç—ã –Ω–∞ –∫–∏–±–µ—Ä–±–µ–∑–æ–ø–∞—Å–Ω–æ—Å—Ç—å! ","–û—Å—Ç–∞–≤–ª—è–µ–º –≤ –ª–µ–Ω—Ç–µ –∑–∞–ø–∏—Å—å –Ω–∞—à–µ–≥–æ –≤–µ–±–∏–Ω–∞—Ä–∞ –æ —Ç–æ–º, –∫–∞–∫ –æ–±–æ—Å–Ω–æ–≤–∞—Ç—å –±–∏–∑–Ω–µ—Å—É –∑–∞—Ç—Ä–∞—Ç—ã –Ω–∞ –∫–∏–±–µ—Ä–±–µ–∑–æ–ø–∞—Å–Ω–æ—Å—Ç—å!  –í–∏–∫—Ç–æ—Ä –ë–æ–±—ã–ª—å–∫–æ–≤, CISO MWS, –∏ –õ–µ–≤ –ü–∞–ª–µ–π, CISO ¬´–í–µ–±–º–æ–Ω–∏—Ç–æ—Ä—ç–∫—Å¬ª –æ–±—Å—É–¥–∏–ª–∏:  –§—Ä–µ–π–º–≤–æ—Ä–∫–∏ –ø–æ –æ–±–æ—Å–Ω–æ–≤–∞–Ω–∏—é",53346,10,2,0,0
1732102092,"2024-11-20T11:28:12.000Z",2169,"–ó–∞–ø—É—Å—Ç–∏–ª–∏ —Ä–µ–∞–ª–∏—Ç–∏-–ø—Ä–æ–µ–∫—Ç ""Building the Cloud"" –æ —Ä–∞–∑—Ä–∞–±–æ—Ç–∫–µ –Ω–æ–≤–æ–π –æ–±–ª–∞—á–Ω–æ–π –ø–ª–∞—Ç—Ñ–æ—Ä–º—ã. ","–ó–∞–ø—É—Å—Ç–∏–ª–∏ —Ä–µ–∞–ª–∏—Ç–∏-–ø—Ä–æ–µ–∫—Ç ""Building the Cloud"" –æ —Ä–∞–∑—Ä–∞–±–æ—Ç–∫–µ –Ω–æ–≤–æ–π –æ–±–ª–∞—á–Ω–æ–π –ø–ª–∞—Ç—Ñ–æ—Ä–º—ã.    –í—Å—Ç—Ä–µ—á–∞–π—Ç–µ –ø–µ—Ä–≤—ã–π –≤—ã–ø—É—Å–∫!  –í –ø—Ä—è–º–æ–º —ç—Ñ–∏—Ä–µ –Ω–∞—à–∏ —ç–∫—Å–ø–µ—Ä—Ç—ã: –†–æ–¥–∏–æ–Ω –¶–∞–ª–∫–∏–Ω ‚Äî technical Product Owner, Compute –∏ –ê–ª–µ–∫",659155,18,4,0,0
1732028284,"2024-11-19T14:58:04.000Z",2168,"–ë–∏–∑–Ω–µ—Å –≤—Å—ë –±–æ–ª—å—à–µ –∞–≤—Ç–æ–º–∞—Ç–∏–∑–∏—Ä—É–µ—Ç —Ä—É—Ç–∏–Ω—É —Å –ø–æ–º–æ—â—å—é LLM. –ù–∞–ø—Ä–∏–º–µ—Ä, —Å–æ–∑–¥–∞—ë—Ç –∫–æ—Ä–ø–æ—Ä–∞—Ç–∏–≤–Ω—ã—Ö —á–∞—Ç-–±–æ—Ç–æ–≤ –∏–ª–∏ —É–º–Ω—ã—Ö –∞—Å—Å–∏—Å—Ç–µ–Ω—Ç–æ–≤, –∏—Å–ø–æ–ª—å–∑—É—é—â–∏—Ö –±–∞–∑—É –∑–Ω–∞–Ω–∏–π –∫–æ–º–ø–∞...","–ë–∏–∑–Ω–µ—Å –≤—Å—ë –±–æ–ª—å—à–µ –∞–≤—Ç–æ–º–∞—Ç–∏–∑–∏—Ä—É–µ—Ç —Ä—É—Ç–∏–Ω—É —Å –ø–æ–º–æ—â—å—é LLM. –ù–∞–ø—Ä–∏–º–µ—Ä, —Å–æ–∑–¥–∞—ë—Ç –∫–æ—Ä–ø–æ—Ä–∞—Ç–∏–≤–Ω—ã—Ö —á–∞—Ç-–±–æ—Ç–æ–≤ –∏–ª–∏ —É–º–Ω—ã—Ö –∞—Å—Å–∏—Å—Ç–µ–Ω—Ç–æ–≤, –∏—Å–ø–æ–ª—å–∑—É—é—â–∏—Ö –±–∞–∑—É –∑–Ω–∞–Ω–∏–π –∫–æ–º–ø–∞–Ω–∏–∏. –ù–æ —Ç–æ, —á—Ç–æ –≤—ã–≥–ª—è–¥–∏—Ç –ª–µ–≥–∫–æ –≤ —Ç–µ–æ—Ä–∏–∏, –Ω–µ —Ç–∞–∫ –ø—Ä",19230,11,0,0,0
1731669965,"2024-11-15T11:26:05.000Z",2166,"–ë–∏–∑–Ω–µ—Å —Ö–æ—á–µ—Ç –Ω–µ–¥–æ—Ä–æ–≥–æ –±–æ—Ä–æ—Ç—å—Å—è —Å —É–≥—Ä–æ–∑–∞–º–∏. CISO ‚Äî –≤—ã—Å—Ç—Ä–æ–∏—Ç—å –º–∞–∫—Å–∏–º–∞–ª—å–Ω–æ –Ω–∞–¥—ë–∂–Ω—ã–π –ø–µ—Ä–∏–º–µ—Ç—Ä. –ù–∞ –±—É–º–∞–≥–µ –º–æ–∂–Ω–æ —Å–ø—Ä–æ–µ–∫—Ç–∏—Ä–æ–≤–∞—Ç—å –ª—é–±—É—é —Å–ª–æ–∂–Ω—É—é —Å–∏—Å—Ç–µ–º—É –∑–∞—â–∏—Ç—ã...","–ë–∏–∑–Ω–µ—Å —Ö–æ—á–µ—Ç –Ω–µ–¥–æ—Ä–æ–≥–æ –±–æ—Ä–æ—Ç—å—Å—è —Å —É–≥—Ä–æ–∑–∞–º–∏. CISO ‚Äî –≤—ã—Å—Ç—Ä–æ–∏—Ç—å –º–∞–∫—Å–∏–º–∞–ª—å–Ω–æ –Ω–∞–¥—ë–∂–Ω—ã–π –ø–µ—Ä–∏–º–µ—Ç—Ä. –ù–∞ –±—É–º–∞–≥–µ –º–æ–∂–Ω–æ —Å–ø—Ä–æ–µ–∫—Ç–∏—Ä–æ–≤–∞—Ç—å –ª—é–±—É—é —Å–ª–æ–∂–Ω—É—é —Å–∏—Å—Ç–µ–º—É –∑–∞—â–∏—Ç—ã. –ù–æ –Ω–∞–π—Ç–∏ –Ω–∞ –Ω–µ—ë –±—é–¥–∂–µ—Ç ‚Äî —Ü–µ–ª–æ–µ –∏—Å–∫—É—Å—Å—Ç–≤–æ.    –£—á–∏",36496,9,1,0,0
1731421148,"2024-11-12T14:19:08.000Z",2164,"–ö–∞–∫ –±–∏–∑–Ω–µ—Å –º–æ–∂–µ—Ç –∏—Å–ø–æ–ª—å–∑–æ–≤–∞—Ç—å –Ω–∞–∫–æ–ø–ª–µ–Ω–Ω—ã–µ –¥–∞–Ω–Ω—ã–µ –∏ —Å–∫–æ–ª—å–∫–æ —Å—Ç–æ–∏—Ç –∏—Ö —Ö—Ä–∞–Ω–∏—Ç—å? ","–ö–∞–∫ –±–∏–∑–Ω–µ—Å –º–æ–∂–µ—Ç –∏—Å–ø–æ–ª—å–∑–æ–≤–∞—Ç—å –Ω–∞–∫–æ–ø–ª–µ–Ω–Ω—ã–µ –¥–∞–Ω–Ω—ã–µ –∏ —Å–∫–æ–ª—å–∫–æ —Å—Ç–æ–∏—Ç –∏—Ö —Ö—Ä–∞–Ω–∏—Ç—å?    –£—Ä–∞! –¢—Ä–µ—Ç–∏–π –≤—ã–ø—É—Å–∫ –Ω–∞—à–µ–≥–æ –ø–æ–¥–∫–∞—Å—Ç–∞ PRO –î–∞–Ω–Ω—ã–µ!    –ú—ã –ø–æ–≥–æ–≤–æ—Ä–∏–º –æ —Ç–æ–º, –∑–∞—á–µ–º –±–∏–∑–Ω–µ—Å —Ö—Ä–∞–Ω–∏—Ç —Å—Ç–æ–ª—å–∫–æ –¥–∞–Ω–Ω—ã—Ö, —Å–∫–æ–ª—å–∫–æ —Å—Ç–æ–∏—Ç ",193215,19,2,0,0
1730204886,"2024-10-29T12:28:06.000Z",2163,"–ï—Å–ª–∏ –≤—ã –∑–∞–¥—É–º—ã–≤–∞–µ—Ç–µ—Å—å –æ —Ç–æ–º, –Ω–µ –ø–æ—Ä–∞ –ª–∏ –ø–µ—Ä–µ–µ–∑–∂–∞—Ç—å –≤ –æ–±–ª–∞–∫–æ, ‚Äî –ø–æ—Å–º–æ—Ç—Ä–∏—Ç–µ –Ω–∞—à –≤–µ–±–∏–Ω–∞—Ä 30 –æ–∫—Ç—è–±—Ä—è. ","–ï—Å–ª–∏ –≤—ã –∑–∞–¥—É–º—ã–≤–∞–µ—Ç–µ—Å—å –æ —Ç–æ–º, –Ω–µ –ø–æ—Ä–∞ –ª–∏ –ø–µ—Ä–µ–µ–∑–∂–∞—Ç—å –≤ –æ–±–ª–∞–∫–æ, ‚Äî –ø–æ—Å–º–æ—Ç—Ä–∏—Ç–µ –Ω–∞—à –≤–µ–±–∏–Ω–∞—Ä 30 –æ–∫—Ç—è–±—Ä—è.  [#alias|vk.cc/cCYSXR|https://vk.cc/cCYSXR]   –í—ã —É–∑–Ω–∞–µ—Ç–µ:   ‚Äî –ö–∞–∫–∏–µ –±—ã–≤–∞—é—Ç –æ–±–ª–∞–∫–∞  ‚Äî –¢–∏–ø—ã –∏ –ø—Ä–∏–Ω—Ü–∏–ø—ã —Ä",424,3,0,0,0
1729677115,"2024-10-23T09:51:55.000Z",2161,"–§–æ–∫—É—Å –Ω–∞ —Ä–æ—Å—Å–∏–π—Å–∫–æ–µ: –¥–µ–ª–∏–º—Å—è –æ–±–∑–æ—Ä–æ–º BI-—Å–∏—Å—Ç–µ–º ","–§–æ–∫—É—Å –Ω–∞ —Ä–æ—Å—Å–∏–π—Å–∫–æ–µ: –¥–µ–ª–∏–º—Å—è –æ–±–∑–æ—Ä–æ–º BI-—Å–∏—Å—Ç–µ–º    –í 2022 –≥–æ–¥—É —É—à–ª–∏ –∑–∞–ø–∞–¥–Ω—ã–µ –≤–µ–Ω–¥–æ—Ä—ã, –∫–æ—Ç–æ—Ä—ã–µ –∑–∞–Ω–∏–º–∞–ª–∏ –æ–∫–æ–ª–æ 80% —Ä—ã–Ω–∫–∞. –ê –≤ 2024-–º —Ä–æ—Å—Å–∏–π—Å–∫–∏–µ —Ä–µ—à–µ–Ω–∏—è —É–∂–µ –¥–æ—Å—Ç–∏–≥–ª–∏ —Ç–∞–∫–æ–≥–æ —É—Ä–æ–≤–Ω—è, —á—Ç–æ –≤–ø–æ–ª–Ω–µ –º–æ–≥—É—Ç –∏—Ö –∑–∞–º",31032,11,0,0,0
1729581957,"2024-10-22T07:25:57.000Z",2158,"DWH VS Datalake ‚Äî –∫–∞–∫ –≤—ã–±—Ä–∞—Ç—å –º–µ—Ç–æ–¥ —Ö—Ä–∞–Ω–µ–Ω–∏—è –¥–∞–Ω–Ω—ã—Ö? ","DWH VS Datalake ‚Äî –∫–∞–∫ –≤—ã–±—Ä–∞—Ç—å –º–µ—Ç–æ–¥ —Ö—Ä–∞–Ω–µ–Ω–∏—è –¥–∞–Ω–Ω—ã—Ö?    –£–∑–Ω–∞–µ—Ç–µ –≤–æ –≤—Ç–æ—Ä–æ–º –≤—ã–ø—É—Å–∫–µ –Ω–∞—à–µ–≥–æ –ø–æ–¥–∫–∞—Å—Ç–∞ PRO –î–∞–Ω–Ω—ã–µ!    –ú—ã —Ä–µ—à–∏–ª–∏ –ø–æ—Å–≤—è—Ç–∏—Ç—å –µ–≥–æ —Ä–∞–∑–Ω—ã–º –º–µ—Ç–æ–¥–∞–º —Ö—Ä–∞–Ω–µ–Ω–∏—è –¥–∞–Ω–Ω—ã—Ö –∏ –∏—Ö –æ–±–ª–∞—á–Ω—ã–º –≤–æ–∑–º–æ–∂–Ω–æ—Å—Ç—è–º.    –ê",32596,11,1,0,0
1729506005,"2024-10-21T10:20:05.000Z",2157,"–ê–Ω–æ–Ω—Å–∏—Ä—É–µ–º –Ω–æ–≤—ã–π –≤–µ–±–∏–Ω–∞—Ä! ","–ê–Ω–æ–Ω—Å–∏—Ä—É–µ–º –Ω–æ–≤—ã–π –≤–µ–±–∏–Ω–∞—Ä!    30 –æ–∫—Ç—è–±—Ä—è –ø–æ–≥–æ–≤–æ—Ä–∏–º –ø—Ä–æ –æ–±–ª–∞–∫–∞ –≤ –¥–µ–π—Å—Ç–≤–∏–∏.  [#alias|vk.cc/cCYSXR|https://vk.cc/cCYSXR]   –ü–æ—á–µ–º—É –∫–æ–º–ø–∞–Ω–∏–∏ –≤—ã–±–∏—Ä–∞—é—Ç –æ–±–ª–∞—á–Ω—ã–µ —Ç–µ—Ö–Ω–æ–ª–æ–≥–∏–∏ –¥–ª—è —Ä–µ—à–µ–Ω–∏—è —Å–≤–æ–∏—Ö –∑–∞–¥–∞—á?    –ú—ã —Ä–∞—Å—Å–º",31280,10,0,0,0
1729074604,"2024-10-16T10:30:04.000Z",2155,"–°–æ–±—Ä–∞–ª–∏ –≤ –∫–∞—Ä—Ç–æ—á–∫–∞—Ö –≥–ª–∞–≤–Ω–æ–µ –æ –Ω–∞—à–µ–º –∫–æ–º–ø–ª–µ–∫—Å–µ —É—Å–ª—É–≥ –ø–æ –æ–±–µ—Å–ø–µ—á–µ–Ω–∏—é –Ω–µ–ø—Ä–µ—Ä—ã–≤–Ω–æ—Å—Ç–∏ —Ä–∞–±–æ—Ç—ã —Å–∏—Å—Ç–µ–º 1–°: —Ö–æ—Å—Ç–∏–Ω–≥, –ø–æ–ª–Ω–æ–µ —Å–æ–ø—Ä–æ–≤–æ–∂–¥–µ–Ω–∏–µ, –ø—Ä–æ–¥–∞–∂–∞ –∏ –∞—Ä–µ–Ω–¥–∞ –ª–∏—Ü...","–°–æ–±—Ä–∞–ª–∏ –≤ –∫–∞—Ä—Ç–æ—á–∫–∞—Ö –≥–ª–∞–≤–Ω–æ–µ –æ –Ω–∞—à–µ–º –∫–æ–º–ø–ª–µ–∫—Å–µ —É—Å–ª—É–≥ –ø–æ –æ–±–µ—Å–ø–µ—á–µ–Ω–∏—é –Ω–µ–ø—Ä–µ—Ä—ã–≤–Ω–æ—Å—Ç–∏ —Ä–∞–±–æ—Ç—ã —Å–∏—Å—Ç–µ–º 1–°: —Ö–æ—Å—Ç–∏–Ω–≥, –ø–æ–ª–Ω–æ–µ —Å–æ–ø—Ä–æ–≤–æ–∂–¥–µ–Ω–∏–µ, –ø—Ä–æ–¥–∞–∂–∞ –∏ –∞—Ä–µ–Ω–¥–∞ –ª–∏—Ü–µ–Ω–∑–∏–π. [#alias|vk.cc/cCFw9s|https://vk.cc/cCFw9s] ",32151,15,1,0,0
1728050748,"2024-10-04T14:05:48.000Z",2153,"–ú–¢–° Web Services –∑–∞–ø—É—Å—Ç–∏–ª–∞ —Å–µ—Ä–≤–∏—Å –±–∏–∑–Ω–µ—Å-–∞–Ω–∞–ª–∏—Ç–∏–∫–∏ –≤ –æ–±–ª–∞–∫–µ ","–ú–¢–° Web Services –∑–∞–ø—É—Å—Ç–∏–ª–∞ —Å–µ—Ä–≤–∏—Å –±–∏–∑–Ω–µ—Å-–∞–Ω–∞–ª–∏—Ç–∏–∫–∏ –≤ –æ–±–ª–∞–∫–µ    –û–Ω –ø–æ–º–æ–≥–∞–µ—Ç —Å–æ–±–∏—Ä–∞—Ç—å, —Ö—Ä–∞–Ω–∏—Ç—å –∏ –≤–∏–∑—É–∞–ª—å–Ω–æ –ø—Ä–µ–¥—Å—Ç–∞–≤–ª—è—Ç—å –¥–∞–Ω–Ω—ã–µ –¥–ª—è –≤—ã—è–≤–ª–µ–Ω–∏—è —Ç–µ–Ω–¥–µ–Ω—Ü–∏–π –∏ –≤–∞–∂–Ω—ã—Ö –º–µ—Ç—Ä–∏–∫ –±–∏–∑–Ω–µ—Å–∞.    BI-–ø–ª–∞—Ç—Ñ–æ—Ä–º—ã –¥–æ–ø–æ–ª–Ω—è—Ç –æ",36320,13,1,0,0
1727778311,"2024-10-01T10:25:11.000Z",2150,"–û—Å—Ç–∞–≤–ª—è–µ–º –≤ –ª–µ–Ω—Ç–µ –∑–∞–ø–∏—Å—å –Ω–∞—à–µ–π –æ–Ω–ª–∞–π–Ω-–≤—Å—Ç—Ä–µ—á–∏ ¬´–û—Ç —Å–µ—Ä–≤–µ—Ä–∞ ¬´–ø–æ–¥ —Å—Ç–æ–ª–æ–º¬ª –∫ –º–æ–¥—É–ª—å–Ω–æ–º—É –¶–û–î: –≥–¥–µ –∏ –∫–∞–∫ –∂–∏–≤—É—Ç –≤–∞—à–∏ –¥–∞–Ω–Ω—ã–µ¬ª. ","–û—Å—Ç–∞–≤–ª—è–µ–º –≤ –ª–µ–Ω—Ç–µ –∑–∞–ø–∏—Å—å –Ω–∞—à–µ–π –æ–Ω–ª–∞–π–Ω-–≤—Å—Ç—Ä–µ—á–∏ ¬´–û—Ç —Å–µ—Ä–≤–µ—Ä–∞ ¬´–ø–æ–¥ —Å—Ç–æ–ª–æ–º¬ª –∫ –º–æ–¥—É–ª—å–Ω–æ–º—É –¶–û–î: –≥–¥–µ –∏ –∫–∞–∫ –∂–∏–≤—É—Ç –≤–∞—à–∏ –¥–∞–Ω–Ω—ã–µ¬ª.  –ü–æ–≥–æ–≤–æ—Ä–∏–ª–∏ –æ —Ç–æ–º, —á—Ç–æ —Ç–∞–∫–æ–µ —Å–æ–≤—Ä–µ–º–µ–Ω–Ω—ã–µ –¥–∞—Ç–∞-—Ü–µ–Ω—Ç—Ä—ã –∏ –æ —Ç–µ—Ö–Ω–æ–ª–æ–≥–∏—è—Ö, –∫–æ—Ç–æ—Ä—ã–µ –º–æ–≥",99874,7,0,0,0
1727448067,"2024-09-27T14:41:07.000Z",2149,"–í–æ—à–ª–∏ –≤ —Ç–æ–ø-3 —Ä–µ–π—Ç–∏–Ω–≥–∞ –∫–æ—Ä–ø–æ—Ä–∞—Ç–∏–≤–Ω—ã—Ö –ø–æ—á—Ç–æ–≤—ã—Ö —Ä–µ—à–µ–Ω–∏–π 2024 –æ—Ç CNews! ","–í–æ—à–ª–∏ –≤ —Ç–æ–ø-3 —Ä–µ–π—Ç–∏–Ω–≥–∞ –∫–æ—Ä–ø–æ—Ä–∞—Ç–∏–≤–Ω—ã—Ö –ø–æ—á—Ç–æ–≤—ã—Ö —Ä–µ—à–µ–Ω–∏–π 2024 –æ—Ç CNews!    –í –∏—Å—Å–ª–µ–¥–æ–≤–∞–Ω–∏–∏ –∞–Ω–∞–ª–∏—Ç–∏–∫–∏ —Å—Ä–∞–≤–Ω–∏–≤–∞–ª–∏ –∞—Ä—Ö–∏—Ç–µ–∫—Ç—É—Ä—É, —Ñ—É–Ω–∫—Ü–∏–æ–Ω–∞–ª—å–Ω–æ—Å—Ç—å, —É—Ä–æ–≤–µ–Ω—å —Ü–µ–Ω –∏ –±–µ–∑–æ–ø–∞—Å–Ω–æ—Å—Ç—å —Ä–µ—à–µ–Ω–∏–π, –ø—Ä–µ–¥—Å—Ç–∞–≤–ª–µ–Ω–Ω—ã—Ö –Ω–∞ —Ä–æ—Å—Å–∏–π—Å",39694,15,1,0,0
1726758399,"2024-09-19T15:06:39.000Z",2146,"–û—Å—Ç–∞–≤–ª—è–µ–º –∑–∞–ø–∏—Å—å –≤–µ–±–∏–Ω–∞—Ä–∞ –≤ –ª–µ–Ω—Ç–µ!","–û—Å—Ç–∞–≤–ª—è–µ–º –∑–∞–ø–∏—Å—å –≤–µ–±–∏–Ω–∞—Ä–∞ –≤ –ª–µ–Ω—Ç–µ!  –û–±—Å—É–¥–∏–ª–∏, –∫–∞–∫ —Ü–∏—Ñ—Ä–æ–≤—ã–µ —Ç–µ—Ö–Ω–æ–ª–æ–≥–∏–∏ –≤—ã—Ç–µ—Å–Ω—è—é—Ç –±—É–º–∞–∂–Ω—ã–π –∫–∞–¥—Ä–æ–≤—ã–π –¥–æ–∫—É–º–µ–Ω—Ç–æ–æ–±–æ—Ä–æ—Ç, –∫–æ–≥–¥–∞ –ª—é–±–æ–π –¥–æ–∫—É–º–µ–Ω—Ç –º–æ–∂–µ—Ç –±—ã—Ç—å —Å–æ–∑–¥–∞–Ω, –ø–æ–¥–ø–∏—Å–∞–Ω –∏ –æ—Ç–ø—Ä–∞–≤–ª–µ–Ω —Å–æ—Ç—Ä—É–¥–Ω–∏–∫—É –≤ —Å—á–∏—Ç–∞–Ω–Ω—ã–µ –º",98411,5,1,0,0
1726745185,"2024-09-19T11:26:25.000Z",2145,"–°–ø—Ä–æ—Å –Ω–∞ –≤–∏—Ä—Ç—É–∞–ª—å–Ω—ã–µ —Ä–∞–±–æ—á–∏–µ –º–µ—Å—Ç–∞ –¥–ª—è —É–¥–∞–ª–µ–Ω–Ω–æ–π —Ä–∞–±–æ—Ç—ã –≤ –†–æ—Å—Å–∏–∏ –∑–∞ –≥–æ–¥ –≤—ã—Ä–æ—Å –≤ 1,7 —Ä–∞–∑–∞ ","–°–ø—Ä–æ—Å –Ω–∞ –≤–∏—Ä—Ç—É–∞–ª—å–Ω—ã–µ —Ä–∞–±–æ—á–∏–µ –º–µ—Å—Ç–∞ –¥–ª—è —É–¥–∞–ª–µ–Ω–Ω–æ–π —Ä–∞–±–æ—Ç—ã –≤ –†–æ—Å—Å–∏–∏ –∑–∞ –≥–æ–¥ –≤—ã—Ä–æ—Å –≤ 1,7 —Ä–∞–∑–∞    VDI –ø–æ–∑–≤–æ–ª—è—é—Ç –∫–æ–º–ø–∞–Ω–∏—è–º —Å–æ–∑–¥–∞–≤–∞—Ç—å –¥–ª—è —Å–≤–æ–∏—Ö —Å–æ—Ç—Ä—É–¥–Ω–∏–∫–æ–≤ –≤–∏—Ä—Ç—É–∞–ª—å–Ω—ã–µ –∫–æ–º–ø—å—é—Ç–µ—Ä—ã –≤ –æ–±–ª–∞–∫–µ. –°–æ—Ç—Ä—É–¥–Ω–∏–∫–∏ –º–æ–≥—É—Ç –ø–æ",102303,31,4,0,0
1726239814,"2024-09-13T15:03:34.000Z",2143,"–û—Å—Ç–∞–≤–ª—è–µ–º –≤ –ª–µ–Ω—Ç–µ –∑–∞–ø–∏—Å—å –ø—Ä–æ—à–µ–¥—à–µ–≥–æ –≤–µ–±–∏–Ω–∞—Ä–∞!","–û—Å—Ç–∞–≤–ª—è–µ–º –≤ –ª–µ–Ω—Ç–µ –∑–∞–ø–∏—Å—å –ø—Ä–æ—à–µ–¥—à–µ–≥–æ –≤–µ–±–∏–Ω–∞—Ä–∞!  –ß–µ–º –¥–æ–ª—å—à–µ –∑–∞–≥—Ä—É–∂–∞–µ—Ç—Å—è —Å–∞–π—Ç, —Ç–µ–º –≤—ã—à–µ –≤–µ—Ä–æ—è—Ç–Ω–æ—Å—Ç—å —Ç–æ–≥–æ, —á—Ç–æ –ø–æ–ª—å–∑–æ–≤–∞—Ç–µ–ª—å —É–π–¥–µ—Ç –Ω–∞ –¥—Ä—É–≥–æ–π —Ä–µ—Å—É—Ä—Å ‚Äî –¥–∞–∂–µ –µ—Å–ª–∏ —Ä–µ—á—å –∏–¥–µ—Ç –æ –Ω–µ—Å–∫–æ–ª—å–∫–∏—Ö —Å–µ–∫—É–Ω–¥–∞—Ö.   –ß—Ç–æ–±—ã –ø–æ–ª—å",98185,7,1,0,0
1725885695,"2024-09-09T12:41:35.000Z",2141,"–ó–∞–ø—É—Å—Ç–∏–ª–∏ –ø–æ–¥–∫–∞—Å—Ç PRO –î–∞–Ω–Ω—ã–µ ‚Äî –æ –±–æ–ª—å—à–∏—Ö –¥–∞–Ω–Ω—ã—Ö –≤ –æ–±–ª–∞–∫–∞—Ö! ","–ó–∞–ø—É—Å—Ç–∏–ª–∏ –ø–æ–¥–∫–∞—Å—Ç PRO –î–∞–Ω–Ω—ã–µ ‚Äî –æ –±–æ–ª—å—à–∏—Ö –¥–∞–Ω–Ω—ã—Ö –≤ –æ–±–ª–∞–∫–∞—Ö!    –í –ø–µ—Ä–≤–æ–º –≤—ã–ø—É—Å–∫–µ –æ–±—Å—É–¥–∏–ª–∏ –æ–±–ª–∞—á–Ω—ã–µ —Ö—Ä–∞–Ω–∏–ª–∏—â–∞, –∏—Ö –≤–æ–∑–º–æ–∂–Ω–æ—Å—Ç–∏ –∏ –∑–∞—á–µ–º –æ–Ω–∏ –Ω—É–∂–Ω—ã –±–∏–∑–Ω–µ—Å—É.    –£—á–∞—Å—Ç–Ω–∏–∫–∏:  –ö—Ä–µ—Å—Ç–∏–Ω–∞ –ê–Ω–¥—Ä–µ–µ–≤–∞, —Ä—É–∫–æ–≤–æ–¥–∏—Ç–µ–ª—å —Ü–µ–Ω",134816,8,0,0,0
1725546293,"2024-09-05T14:24:53.000Z",2139,"–ù–µ–¥–∞–≤–Ω–æ –º—ã –ø–∏—Å–∞–ª–∏, —á—Ç–æ –∑–∞–ø—É—Å—Ç–∏–ª–∏ –¥–≤–∞ –Ω–æ–≤—ã—Ö –∫–ª–∞—Å—Ç–µ—Ä–∞ –≤–∏—Ä—Ç—É–∞–ª—å–Ω–æ–π –∏–Ω—Ñ—Ä–∞—Å—Ç—Ä—É–∫—Ç—É—Ä—ã —Å –≥—Ä–∞—Ñ–∏—á–µ—Å–∫–∏–º–∏ —É—Å–∫–æ—Ä–∏—Ç–µ–ª—è–º–∏ (GPU) –≤ –¶–û–î–∞—Ö ¬´–§–µ–¥–æ—Ä–æ–≤—Å–∫–∏–π¬ª –≤ –°–∞–Ω–∫—Ç-–ü–µ—Ç–µ—Ä–±—É...","–ù–µ–¥–∞–≤–Ω–æ –º—ã –ø–∏—Å–∞–ª–∏, —á—Ç–æ –∑–∞–ø—É—Å—Ç–∏–ª–∏ –¥–≤–∞ –Ω–æ–≤—ã—Ö –∫–ª–∞—Å—Ç–µ—Ä–∞ –≤–∏—Ä—Ç—É–∞–ª—å–Ω–æ–π –∏–Ω—Ñ—Ä–∞—Å—Ç—Ä—É–∫—Ç—É—Ä—ã —Å –≥—Ä–∞—Ñ–∏—á–µ—Å–∫–∏–º–∏ —É—Å–∫–æ—Ä–∏—Ç–µ–ª—è–º–∏ (GPU) –≤ –¶–û–î–∞—Ö ¬´–§–µ–¥–æ—Ä–æ–≤—Å–∫–∏–π¬ª –≤ –°–∞–Ω–∫—Ç-–ü–µ—Ç–µ—Ä–±—É—Ä–≥–µ –∏ GreenBushDC –≤ –ú–æ—Å–∫–≤–µ.    –î–µ–ª–∏–º—Å—è —Ä–µ–∑—É–ª—å—Ç–∞—Ç–∞–º",34711,11,3,0,0
1724940570,"2024-08-29T14:09:30.000Z",2137,"–° –º–∞—Ä—Ç–∞ 2023 –≥–æ–¥–∞ –∫–æ–º–ø–∞–Ω–∏–∏ –º–æ–≥—É—Ç –æ—Ç–∫–∞–∑–∞—Ç—å—Å—è –æ—Ç –±—É–º–∞–∂–Ω–æ–≥–æ –¥—É–±–ª–∏—Ä–æ–≤–∞–Ω–∏—è –¥–æ–∫—É–º–µ–Ω—Ç–æ–≤, —Å–≤—è–∑–∞–Ω–Ω—ã—Ö —Å —Ä–∞–±–æ—Ç–æ–π, –ø—Ä–∏ –∏—Å–ø–æ–ª—å–∑–æ–≤–∞–Ω–∏–∏ –≠–î–û. ","–° –º–∞—Ä—Ç–∞ 2023 –≥–æ–¥–∞ –∫–æ–º–ø–∞–Ω–∏–∏ –º–æ–≥—É—Ç –æ—Ç–∫–∞–∑–∞—Ç—å—Å—è –æ—Ç –±—É–º–∞–∂–Ω–æ–≥–æ –¥—É–±–ª–∏—Ä–æ–≤–∞–Ω–∏—è –¥–æ–∫—É–º–µ–Ω—Ç–æ–≤, —Å–≤—è–∑–∞–Ω–Ω—ã—Ö —Å —Ä–∞–±–æ—Ç–æ–π, –ø—Ä–∏ –∏—Å–ø–æ–ª—å–∑–æ–≤–∞–Ω–∏–∏ –≠–î–û.    –¢–µ–ø–µ—Ä—å –¥–æ–∫—É–º–µ–Ω—Ç—ã –º–æ–∂–Ω–æ —Å–æ–∑–¥–∞–≤–∞—Ç—å, –ø–æ–¥–ø–∏—Å—ã–≤–∞—Ç—å –∏ –æ—Ç–ø—Ä–∞–≤–ª—è—Ç—å —Å–æ—Ç—Ä—É–¥–Ω–∏–∫–∞–º ",100288,3,0,0,0
1724250846,"2024-08-21T14:34:06.000Z",2110,"–£–º–µ—é—Ç –ª–∏ —Ä–æ–±–æ—Ç—ã —á–∏—Ç–∞—Ç—å —Ç–µ–∫—Å—Ç?","–£–º–µ—é—Ç –ª–∏ —Ä–æ–±–æ—Ç—ã —á–∏—Ç–∞—Ç—å —Ç–µ–∫—Å—Ç? –î–∞, –µ—Å–ª–∏ —É –Ω–∏—Ö –µ—Å—Ç—å Optical Character Recognition :)    OCR ‚Äì —ç—Ç–æ –æ–ø—Ç–∏—á–µ—Å–∫–æ–µ —Ä–∞—Å–ø–æ–∑–Ω–∞–≤–∞–Ω–∏–µ —Å–∏–º–≤–æ–ª–æ–≤.    –†–µ—à–µ–Ω–∏–µ –ø–æ–∑–≤–æ–ª—è–µ—Ç —Ä–∞—Å–ø–æ–∑–Ω–∞–≤–∞—Ç—å —Ä–∞–∑–ª–∏—á–Ω—ã–µ —Ç–∏–ø—ã –¥–æ–∫—É–º–µ–Ω—Ç–æ–≤ (–¥–æ–∫—É–º–µ–Ω—Ç",37375,13,1,0,0
1724066088,"2024-08-19T11:14:48.000Z",2109,"–î–∏—Å–∫—É—Å—Å–∏—è ¬´–†–µ—á–µ–≤–∞—è –∞–Ω–∞–ª–∏—Ç–∏–∫–∞ –≤ –æ–±–ª–∞–∫–µ: –±–∏–∑–Ω–µ—Å –ø–æ–¥ –ø—Ä–∏—Å–º–æ—Ç—Ä–æ–º AI¬ª","–î–∏—Å–∫—É—Å—Å–∏—è ¬´–†–µ—á–µ–≤–∞—è –∞–Ω–∞–ª–∏—Ç–∏–∫–∞ –≤ –æ–±–ª–∞–∫–µ: –±–∏–∑–Ω–µ—Å –ø–æ–¥ –ø—Ä–∏—Å–º–æ—Ç—Ä–æ–º AI¬ª",96749,16,3,12,12
1723810845,"2024-08-16T12:20:45.000Z",2107,"–í–∑–ª–æ–º Wi-Fi –ø–æ–∑–≤–æ–ª—è–µ—Ç —Ö–∞–∫–µ—Ä–∞–º —Å–ª–µ–¥–∏—Ç—å –∑–∞ –¥–µ–π—Å—Ç–≤–∏—è–º–∏ –∂–µ—Ä—Ç–≤—ã –≤ –∏–Ω—Ç–µ—Ä–Ω–µ—Ç–µ, —Å–æ–±–∏—Ä–∞—Ç—å –ª–∏—á–Ω—ã–µ –¥–∞–Ω–Ω—ã–µ, —É—Å—Ç–∞–Ω–∞–≤–ª–∏–≤–∞—Ç—å –Ω–∞ —Ä–æ—É—Ç–µ—Ä –≤—Ä–µ–¥–æ–Ω–æ—Å–Ω–æ–µ –ø—Ä–æ–≥—Ä–∞–º–º–Ω–æ–µ –æ–±–µ—Å–ø–µ...","–í–∑–ª–æ–º Wi-Fi –ø–æ–∑–≤–æ–ª—è–µ—Ç —Ö–∞–∫–µ—Ä–∞–º —Å–ª–µ–¥–∏—Ç—å –∑–∞ –¥–µ–π—Å—Ç–≤–∏—è–º–∏ –∂–µ—Ä—Ç–≤—ã –≤ –∏–Ω—Ç–µ—Ä–Ω–µ—Ç–µ, —Å–æ–±–∏—Ä–∞—Ç—å –ª–∏—á–Ω—ã–µ –¥–∞–Ω–Ω—ã–µ, —É—Å—Ç–∞–Ω–∞–≤–ª–∏–≤–∞—Ç—å –Ω–∞ —Ä–æ—É—Ç–µ—Ä –≤—Ä–µ–¥–æ–Ω–æ—Å–Ω–æ–µ –ø—Ä–æ–≥—Ä–∞–º–º–Ω–æ–µ –æ–±–µ—Å–ø–µ—á–µ–Ω–∏–µ –∏ –¥–∞–∂–µ –∞—Ç–∞–∫–æ–≤–∞—Ç—å —É–º–Ω—ã–µ —É—Å—Ç—Ä–æ–π—Å—Ç–≤–∞.    –ù–∞—à –∫–æ",37062,19,13,0,0
1723198830,"2024-08-09T10:20:30.000Z",2105,"–§–µ–¥–æ—Ä–æ–≤—Å–∫–∏–π —Å—Ç–∞–ª –ø–µ—Ä–≤—ã–º –¥–∞—Ç–∞-—Ü–µ–Ω—Ç—Ä–æ–º MWS –≤ –°–∞–Ω–∫—Ç-–ü–µ—Ç–µ—Ä–±—É—Ä–≥–µ —Å GPU –∫–∞—Ä—Ç–∞–º–∏, –∫–æ—Ç–æ—Ä—ã–µ –Ω–µ–æ–±—Ö–æ–¥–∏–º—ã –¥–ª—è —Ä–∞–±–æ—Ç—ã —Å –∏—Å–∫—É—Å—Å—Ç–≤–µ–Ω–Ω—ã–º –∏–Ω—Ç–µ–ª–ª–µ–∫—Ç–æ–º. ","–§–µ–¥–æ—Ä–æ–≤—Å–∫–∏–π —Å—Ç–∞–ª –ø–µ—Ä–≤—ã–º –¥–∞—Ç–∞-—Ü–µ–Ω—Ç—Ä–æ–º MWS –≤ –°–∞–Ω–∫—Ç-–ü–µ—Ç–µ—Ä–±—É—Ä–≥–µ —Å GPU –∫–∞—Ä—Ç–∞–º–∏, –∫–æ—Ç–æ—Ä—ã–µ –Ω–µ–æ–±—Ö–æ–¥–∏–º—ã –¥–ª—è —Ä–∞–±–æ—Ç—ã —Å –∏—Å–∫—É—Å—Å—Ç–≤–µ–Ω–Ω—ã–º –∏–Ω—Ç–µ–ª–ª–µ–∫—Ç–æ–º.    –ù–æ–≤—ã–π —Å–µ–≥–º–µ–Ω—Ç –ø–æ–∑–≤–æ–ª–∏—Ç —É—Å–∫–æ—Ä–∏—Ç—å –∏ —É–ø—Ä–æ—Å—Ç–∏—Ç—å –≤–Ω–µ–¥—Ä–µ–Ω–∏–µ –∏—Å–∫—É—Å—Å—Ç–≤–µ",97688,4,0,0,0
1722958983,"2024-08-06T15:43:03.000Z",2103,"–í—Å—Ç—Ä–µ—á–∞–π—Ç–µ –Ω–æ–≤—ã–π –≤–µ–±–∏–Ω–∞—Ä –ø—Ä–æ AI!","–í—Å—Ç—Ä–µ—á–∞–π—Ç–µ –Ω–æ–≤—ã–π –≤–µ–±–∏–Ω–∞—Ä –ø—Ä–æ AI!  [#alias|vk.cc/cz3bzv|https://vk.cc/cz3bzv] AI –ø–æ–º–æ–≥–∞–µ—Ç –±–∏–∑–Ω–µ—Å—É –∞–Ω–∞–ª–∏–∑–∏—Ä–æ–≤–∞—Ç—å –±–æ–ª—å—à–∏–µ –æ–±—ä—ë–º—ã –¥–∞–Ω–Ω—ã—Ö, —á—Ç–æ–±—ã –ø—Ä–∏–Ω–∏–º–∞—Ç—å –æ–±–æ—Å–Ω–æ–≤–∞–Ω–Ω—ã–µ —Ä–µ—à–µ–Ω–∏—è –∏ –ø–æ–≤—ã—à–∞—Ç—å —ç—Ñ—Ñ–µ–∫—Ç–∏–≤–Ω–æ—Å—Ç—å –ø—Ä–æ—Ü",135730,6,0,0,0